,0,1,2,3,4,5,6,7,8
0,0.0005,0.0,0.0,0.0,0.0,0.0,0.0,0.0,0.0
1,0.0015,0.0,0.0,0.0,0.0,0.0,0.0,0.0,0.0
2,0.0025,0.0,0.0,0.0,0.0,0.0,0.0,0.0,0.0
3,0.0035,0.0,0.0,0.0,0.0,0.0,0.0,0.0,0.0
4,0.0045,0.0,0.0,0.0,0.0,0.0,0.0,0.0,0.0
5,0.0055,0.0,0.0,0.0,0.0,0.0,0.0,0.0,0.0
6,0.0065,0.0,0.0,0.0,0.0,0.0,0.0,0.0,0.0
7,0.0075,0.0,0.0,0.0,0.0,0.0,0.0,0.0,0.0
8,0.0085,0.0,0.0,0.0,0.0,0.0,0.0,0.0,0.0
9,0.0095,0.0,0.0,0.0,0.0,0.0,0.0,0.0,0.0
10,0.0105,0.0,0.0,0.0,0.0,0.0,0.0,0.0,0.0
11,0.0115,0.0,0.0,0.0,0.0,0.0,0.0,0.0,0.0
12,0.0125,0.0,0.0,0.0,0.0,0.0,0.0,0.0,0.0
13,0.0135,0.0,0.0,0.0,0.0,0.0,0.0,0.0,0.0
14,0.0145,0.0,0.0,0.0,0.0,0.0,0.0,0.0,0.0
15,0.0155,0.0,0.0,0.0,0.0,0.0,0.0,0.0,0.0
16,0.0165,0.0,0.0,0.0,0.0,0.0,0.0,0.0,0.0
17,0.0175,0.0,0.0,0.0,0.0,0.0,0.0,0.0,0.0
18,0.0185,0.0,0.0,0.0,0.0,0.0,0.0,0.0,0.0
19,0.0195,0.0,0.0,0.0,0.0,0.0,0.0,0.0,0.0
20,0.0205,0.0,0.0,0.0,0.0,0.0,0.0,0.0,0.0
21,0.0215,0.0,0.0,0.0,0.0,0.0,0.0,0.0,0.0
22,0.0225,0.0,0.0,0.0,0.0,0.0,0.0,0.0,0.0
23,0.0235,0.0,0.0,0.0,0.0,0.0,0.0,0.0,0.0
24,0.0245,0.0,0.0,0.0,0.0,0.0,0.0,0.0,0.0
25,0.0255,0.0,0.0,0.0,0.0,0.0,0.0,0.0,0.0
26,0.0265,0.0,0.0,0.0,0.0,0.0,0.0,0.0,0.0
27,0.0275,0.0,0.0,0.0,0.0,0.0,0.0,0.0,0.0
28,0.0285,0.0,0.0,0.0,0.0,0.0,0.0,0.0,0.0
29,0.0295,0.0,0.0,0.0,0.0,0.0,0.0,0.0,0.0
30,0.0305,0.0,0.0,0.0,0.0,0.0,0.0,0.0,0.0
31,0.0315,0.0,0.0,0.0,0.0,0.0,0.0,0.0,0.0
32,0.0325,0.0,0.0,0.0,0.0,0.0,0.0,0.0,0.0
33,0.0335,0.0,0.0,0.0,0.0,0.0,0.0,0.0,0.0
34,0.0345,0.0,0.0,0.0,0.0,0.0,0.0,0.0,0.0
35,0.0355,0.0,0.0,0.0,0.0,0.0,0.0,0.0,0.0
36,0.0365,0.0,0.0,0.0,0.0,0.0,0.0,0.0,0.0
37,0.0375,0.0,0.0,0.0,0.0,0.0,0.0,0.0,0.0
38,0.0385,0.0,0.0,0.0,0.0,0.0,0.0,0.0,0.0
39,0.0395,0.0,0.0,0.0,0.0,0.0,0.0,0.0,0.0
40,0.0405,0.0,0.0,0.0,0.0,0.0,0.0,0.0,0.0
41,0.0415,0.0,0.0,0.0,0.0,0.0,0.0,0.0,0.0
42,0.0425,0.0,0.0,0.0,0.0,0.0,0.0,0.0,0.0
43,0.0435,0.0,0.0,0.0,0.0,0.0,0.0,0.0,0.0
44,0.0445,0.0,0.0,0.0,0.0,0.0,0.0,0.0,0.0
45,0.0455,0.0,0.0,0.0,0.0,0.0,0.0,0.0,0.0
46,0.0465,0.0,0.0,0.0,0.0,0.0,0.0,0.0,0.0
47,0.0475,0.0,0.0,0.0,0.0,0.0,0.0,0.0,0.0
48,0.0485,0.0,0.0,0.0,0.0,0.0,0.0,0.0,0.0
49,0.0495,0.0,0.0,0.0,0.0,0.0,0.0,0.0,0.0
50,0.0505,0.0,0.0,0.0,0.0,0.0,0.0,0.0,0.0
51,0.0515,0.0,0.0,0.0,0.0,0.0,0.0,0.0,0.0
52,0.0525,0.0,0.0,0.0,0.0,0.0,0.0,0.0,0.0
53,0.0535,0.0,0.0,0.0,0.0,0.0,0.0,0.0,0.0
54,0.0545,0.0,0.0,0.0,0.0,0.0,0.0,0.0,0.0
55,0.0555,0.0,0.0,0.0,0.0,0.0,0.0,0.0,0.0
56,0.0565,0.0,0.0,0.0,0.0,0.0,0.0,0.0,0.0
57,0.0575,0.0,0.0,0.0,0.0,0.0,0.0,0.0,0.0
58,0.0585,0.0,0.0,0.0,0.0,0.0,0.0,0.0,0.0
59,0.0595,0.0,0.0,0.0,0.0,0.0,0.0,0.0,0.0
60,0.0605,0.0,0.0,0.0,0.0,0.0,0.0,0.0,0.0
61,0.0615,0.0,0.0,0.0,0.0,0.0,0.0,0.0,0.0
62,0.0625,0.0,0.0,0.0,0.0,0.0,0.0,0.0,0.0
63,0.0635,0.0,0.0,0.0,0.0,0.0,0.0,0.0,0.0
64,0.0645,0.0,0.0,0.0,0.0,0.0,0.0,0.0,0.0
65,0.0655,0.0,0.0,0.0,0.0,0.0,0.0,0.0,0.0
66,0.0665,0.0,0.0,0.0,0.0,0.0,0.0,0.0,0.0
67,0.0675,0.0,0.0,0.0,0.0,0.0,0.0,0.0,0.0
68,0.0685,0.0,0.0,0.0,0.0,0.0,0.0,0.0,0.0
69,0.0695,0.0,0.0,0.0,0.0,0.0,1.33911e-05,0.0,0.0
70,0.0705,1.33911e-05,0.0,1.33911e-05,0.0,0.0,0.0,1.33911e-05,0.0
71,0.0715,1.33911e-05,4.01734e-05,6.69557e-05,1.33911e-05,4.01734e-05,5.35646e-05,2.67823e-05,2.67823e-05
72,0.0725,8.03469e-05,0.000107129,0.000187476,0.000174085,0.00012052,0.000200867,0.00012052,0.000133911
73,0.0735,0.000200867,0.000307996,0.000428517,0.000482081,0.000482081,0.000321387,0.000415125,0.000455299
74,0.0745,0.00108468,0.00135251,0.00112486,0.00107129,0.0010579,0.00104451,0.00141946,0.00112486
75,0.0755,0.00227649,0.00305318,0.00299962,0.00303979,0.003629,0.00357544,0.00267823,0.00270501
76,0.0765,0.00575819,0.00768652,0.00808825,0.007566,0.00724461,0.0080213,0.00735174,0.00719104
77,0.0775,0.0126278,0.0163774,0.0155605,0.0165782,0.0169934,0.0162569,0.0161363,0.016364
78,0.0785,0.025095,0.0325003,0.0324735,0.0320852,0.0324601,0.032661,0.031804,0.0319379
79,0.0795,0.0467753,0.0597781,0.0584122,0.0582649,0.0581176,0.0586532,0.0573141,0.0587068
80,0.0805,0.082543,0.0961082,0.0969385,0.0966841,0.0971795,0.093497,0.0966171,0.096135
81,0.0815,0.125944,0.142736,0.142937,0.143955,0.1435,0.139629,0.142147,0.141799
82,0.0825,0.174272,0.195444,0.190958,0.193462,0.194038,0.189994,0.191895,0.190663
83,0.0835,0.22386,0.234559,0.232885,0.234385,0.234934,0.233742,0.234921,0.235323
84,0.0845,0.253267,0.260739,0.259654,0.259802,0.257686,0.257244,0.258797,0.255704
85,0.0855,0.261489,0.26165,0.261355,0.259949,0.257806,0.259962,0.259105,0.263216
86,0.0865,0.245152,0.234626,0.238175,0.23468,0.237653,0.240545,0.237974,0.235818
87,0.0875,0.210308,0.194814,0.194828,0.194413,0.195163,0.196743,0.198309,0.197894
88,0.0885,0.167737,0.151106,0.151467,0.154842,0.15365,0.154761,0.152257,0.153436
89,0.0895,0.126453,0.111816,0.113677,0.110544,0.112392,0.112164,0.112392,0.114749
90,0.0905,0.0934434,0.080762,0.0811236,0.0808557,0.0807352,0.0826234,0.0827305,0.080829
91,0.0915,0.0658309,0.0612511,0.0606753,0.0598049,0.0593763,0.0615189,0.059912,0.0596174
92,0.0925,0.0506185,0.0503909,0.0512881,0.0507257,0.0501097,0.0505917,0.0504177,0.0507524
93,0.0935,0.0470297,0.0540333,0.0534842,0.0534976,0.052346,0.0542074,0.0522924,0.0541404
94,0.0945,0.0530691,0.07566,0.0756332,0.0745083,0.0760885,0.0729416,0.072647,0.0753252
95,0.0955,0.0803335,0.131019,0.126292,0.124243,0.128542,0.123091,0.126051,0.127283
96,0.0965,0.133965,0.224851,0.221248,0.218704,0.221302,0.220874,0.220887,0.222347
97,0.0975,0.210549,0.361748,0.359566,0.35982,0.359579,0.356405,0.36515,0.361454
98,0.0985,0.300511,0.533677,0.537454,0.530463,0.529499,0.53041,0.541739,0.537413
99,0.0995,0.3984,0.724823,0.733714,0.726483,0.727822,0.732536,0.742726,0.729148
100,0.1005,0.485416,0.91183,0.924297,0.913972,0.917508,0.918646,0.937501,0.924484
101,0.1015,0.535445,1.04896,1.07457,1.05963,1.06298,1.07401,1.09096,1.07698
102,0.1025,0.54431,1.15042,1.17024,1.16957,1.16286,1.1655,1.19357,1.17438
103,0.1035,0.538177,1.2142,1.21292,1.21922,1.20337,1.20894,1.23761,1.22371
104,0.1045,0.527906,1.2332,1.2495,1.24064,1.23825,1.24633,1.27083,1.25375
105,0.1055,0.522589,1.25523,1.26074,1.26656,1.25032,1.26506,1.27962,1.26582
106,0.1065,0.528441,1.27318,1.27614,1.27513,1.27379,1.27508,1.29289,1.27208
107,0.1075,0.536664,1.27804,1.27181,1.27144,1.27122,1.27307,1.29214,1.27674
108,0.1085,0.553563,1.26919,1.2673,1.27134,1.26848,1.27198,1.28601,1.27027
109,0.1095,0.554474,1.25151,1.25159,1.25371,1.24963,1.25762,1.27062,1.26366
110,0.1105,0.567798,1.2339,1.23087,1.23599,1.23204,1.23319,1.2501,1.24317
111,0.1115,0.578846,1.20251,1.19503,1.21021,1.20179,1.20504,1.21246,1.2106
112,0.1125,0.584617,1.17423,1.16755,1.17827,1.17723,1.17265,1.18769,1.17302
113,0.1135,0.590148,1.13597,1.12776,1.13893,1.13892,1.13029,1.14754,1.13183
114,0.1145,0.58056,1.08883,1.08281,1.09112,1.09807,1.09708,1.10434,1.10015
115,0.1155,0.570972,1.04312,1.03872,1.04767,1.06,1.05611,1.05585,1.05418
116,0.1165,0.560326,1.00412,0.995324,1.0016,1.00837,1.00574,1.01076,1.00992
117,0.1175,0.542917,0.956463,0.948147,0.961712,0.958056,0.958431,0.958471,0.960815
118,0.1185,0.520072,0.920186,0.90338,0.907143,0.919784,0.912245,0.919543,0.914588
119,0.1195,0.506614,0.876075,0.869634,0.8693,0.870799,0.876879,0.870572,0.879611
120,0.1205,0.490986,0.833237,0.839183,0.831229,0.836049,0.830639,0.840442,0.844566
121,0.1215,0.486621,0.809227,0.809736,0.800456,0.805732,0.808852,0.80213,0.808972
122,0.1225,0.471261,0.782793,0.789421,0.77832,0.78207,0.787373,0.785391,0.787707
123,0.1235,0.470739,0.765491,0.763563,0.760497,0.767647,0.760778,0.761501,0.769763
124,0.1245,0.465985,0.750935,0.754055,0.737129,0.756426,0.750748,0.750627,0.754578
125,0.1255,0.468034,0.736754,0.744561,0.733406,0.742003,0.740919,0.742405,0.748458
126,0.1265,0.467592,0.72892,0.741521,0.723135,0.738481,0.73978,0.732777,0.739245
127,0.1275,0.477676,0.726898,0.732255,0.720979,0.733487,0.738214,0.734772,0.738053
128,0.1285,0.474408,0.71893,0.735201,0.717645,0.723992,0.730621,0.731612,0.737986
129,0.1295,0.474113,0.720886,0.729791,0.721609,0.727608,0.731465,0.73346,0.733714
130,0.1305,0.473337,0.7228,0.738696,0.720926,0.726925,0.736526,0.733192,0.739339
131,0.1315,0.477314,0.73125,0.737517,0.727005,0.72339,0.737209,0.736593,0.737209
132,0.1325,0.46786,0.732871,0.737999,0.726322,0.728398,0.74499,0.733808,0.749382
133,0.1335,0.468235,0.737624,0.749208,0.736888,0.730969,0.74665,0.742271,0.750306
134,0.1345,0.465048,0.745673,0.760403,0.742593,0.74436,0.750828,0.752783,0.752007
135,0.1355,0.46632,0.761059,0.768893,0.752797,0.756573,0.766884,0.765987,0.768304
136,0.1365,0.466601,0.768625,0.782364,0.770741,0.768076,0.778695,0.775762,0.779378
137,0.1375,0.472801,0.789796,0.80367,0.787024,0.793211,0.794416,0.800509,0.801929
138,0.1385,0.48409,0.807138,0.817436,0.808383,0.810285,0.812856,0.812829,0.809669
139,0.1395,0.483086,0.819257,0.835474,0.824359,0.821935,0.838098,0.832139,0.837241
140,0.1405,0.49799,0.843013,0.850914,0.840428,0.836237,0.845785,0.859136,0.84782
141,0.1415,0.494348,0.857462,0.868309,0.86243,0.861841,0.8695,0.876169,0.873853
142,0.1425,0.506132,0.87396,0.883253,0.878017,0.877696,0.873156,0.885329,0.887659
143,0.1435,0.506011,0.882329,0.8941,0.886427,0.886922,0.895037,0.898291,0.898854
144,0.1445,0.513068,0.894823,0.89789,0.904371,0.898465,0.899925,0.910986,0.911495
145,0.1455,0.51343,0.905616,0.903849,0.912084,0.899564,0.910263,0.917575,0.914334
146,0.1465,0.518652,0.905764,0.916195,0.923989,0.900662,0.909982,0.925328,0.918592
147,0.1475,0.521304,0.914066,0.915673,0.927511,0.912781,0.917454,0.921713,0.920708
148,0.1485,0.51955,0.913196,0.918325,0.927564,0.913611,0.912098,0.921552,0.920802
149,0.1495,0.519978,0.914147,0.913142,0.925315,0.9112,0.918606,0.920226,0.928729
150,0.1505,0.524786,0.913678,0.919985,0.923895,0.911977,0.906353,0.919061,0.915633
151,0.1515,0.521036,0.917079,0.912299,0.91578,0.908951,0.905241,0.908375,0.916691
152,0.1525,0.526232,0.90729,0.904679,0.917508,0.906701,0.907317,0.915298,0.915459
153,0.1535,0.523353,0.905911,0.899631,0.909085,0.907089,0.898948,0.909714,0.911107
154,0.1545,0.533436,0.899858,0.898412,0.90563,0.900434,0.897595,0.903701,0.896055
155,0.1555,0.524571,0.890859,0.888436,0.895627,0.894127,0.890002,0.894582,0.897783
156,0.1565,0.527678,0.884847,0.885289,0.894421,0.888717,0.892158,0.887056,0.892788
157,0.1575,0.532499,0.872272,0.878687,0.883079,0.880187,0.883119,0.887525,0.88565
158,0.1585,0.524719,0.869969,0.865764,0.871054,0.870518,0.875741,0.873893,0.877736
159,0.1595,0.531642,0.856083,0.858439,0.867572,0.864318,0.873103,0.866983,0.870357
160,0.1605,0.530731,0.848838,0.85153,0.855467,0.857475,0.861988,0.858721,0.866956
161,0.1615,0.529687,0.84008,0.838299,0.84861,0.845008,0.852909,0.852105,0.85556
162,0.1625,0.527839,0.833773,0.840857,0.847405,0.843883,0.849374,0.847753,0.843964
163,0.1635,0.524853,0.81848,0.831483,0.836625,0.842343,0.838768,0.838674,0.840629
164,0.1645,0.522134,0.821801,0.820663,0.831523,0.836719,0.834791,0.831711,0.840281
165,0.1655,0.52129,0.814208,0.820275,0.819029,0.829327,0.83072,0.83147,0.825055
166,0.1665,0.518425,0.814342,0.808062,0.830452,0.834067,0.826595,0.829421,0.82697
167,0.1675,0.521076,0.807553,0.81074,0.826193,0.827613,0.826327,0.823984,0.829796
168,0.1685,0.519054,0.814784,0.816177,0.827292,0.828242,0.83147,0.824961,0.823515
169,0.1695,0.521813,0.808745,0.802679,0.820837,0.829822,0.820703,0.82472,0.82381
170,0.1705,0.520367,0.810553,0.806348,0.81623,0.82689,0.825363,0.826207,0.825042
171,0.1715,0.524049,0.810312,0.811249,0.82697,0.836317,0.827117,0.830197,0.828925
172,0.1725,0.523045,0.818266,0.813298,0.824921,0.832822,0.8323,0.834951,0.830947
173,0.1735,0.522563,0.820569,0.826823,0.832835,0.838942,0.832327,0.83696,0.841687
174,0.1745,0.520768,0.823917,0.829715,0.831724,0.843227,0.84154,0.845276,0.848021
175,0.1755,0.52737,0.834804,0.832045,0.846093,0.848891,0.847298,0.847633,0.857234
176,0.1765,0.526834,0.84312,0.844245,0.851181,0.855038,0.859069,0.864439,0.857783
177,0.1775,0.527169,0.846869,0.847793,0.854476,0.863247,0.865055,0.867612,0.869929
178,0.1785,0.530544,0.856779,0.854275,0.864117,0.870143,0.869567,0.876785,0.870826
179,0.1795,0.533624,0.870224,0.86551,0.872313,0.875968,0.879169,0.882128,0.872768
180,0.1805,0.537668,0.869032,0.874937,0.881606,0.88711,0.886588,0.882061,0.879959
181,0.1815,0.534936,0.879972,0.887445,0.878539,0.891368,0.889266,0.894354,0.889199
182,0.1825,0.535405,0.887418,0.893189,0.890806,0.894903,0.902389,0.890966,0.897394
183,0.1835,0.538913,0.888757,0.900916,0.896725,0.898586,0.905121,0.901773,0.897983
184,0.1845,0.541913,0.895801,0.900836,0.89481,0.905496,0.910986,0.905978,0.90808
185,0.1855,0.546265,0.904103,0.908415,0.907598,0.906862,0.919717,0.912727,0.909245
186,0.1865,0.548434,0.903407,0.920239,0.906581,0.917561,0.91874,0.912191,0.913557
187,0.1875,0.54506,0.914066,0.925516,0.904117,0.909781,0.917119,0.911107,0.917079
188,0.1885,0.553938,0.915579,0.922369,0.902818,0.911147,0.921927,0.913169,0.918003
189,0.1895,0.55367,0.902844,0.923132,0.91262,0.913611,0.925181,0.915834,0.922878
190,0.1905,0.558504,0.913865,0.922369,0.90342,0.917226,0.926962,0.91025,0.913035
191,0.1915,0.564798,0.907973,0.917401,0.902295,0.911575,0.924726,0.901974,0.91258
192,0.1925,0.56137,0.899738,0.913812,0.897327,0.901733,0.913008,0.900434,0.909272
193,0.1935,0.563673,0.897113,0.906755,0.890725,0.89576,0.903929,0.886387,0.893471
194,0.1945,0.567383,0.886668,0.891663,0.877883,0.88794,0.891341,0.873103,0.879651
195,0.1955,0.566981,0.873705,0.879155,0.874361,0.875995,0.876504,0.861426,0.865028
196,0.1965,0.570811,0.860836,0.863649,0.853378,0.857622,0.856846,0.846535,0.85481
197,0.1975,0.566794,0.842557,0.852507,0.838995,0.840549,0.843602,0.832286,0.830921
198,0.1985,0.575418,0.82069,0.828684,0.818922,0.82164,0.822283,0.811383,0.81449
199,0.1995,0.570851,0.810553,0.815467,0.807727,0.805571,0.800991,0.797121,0.805866
200,0.2005,0.569847,0.794403,0.793117,0.785605,0.787145,0.779258,0.784815,0.783851
201,0.2015,0.571628,0.777918,0.781588,0.768143,0.766348,0.768799,0.766804,0.770339
202,0.2025,0.574748,0.767018,0.762037,0.762331,0.759238,0.75435,0.756198,0.756426
203,0.2035,0.57298,0.756158,0.752676,0.749101,0.748793,0.742994,0.743758,0.74112
204,0.2045,0.568548,0.738548,0.739272,0.74507,0.74053,0.737424,0.733379,0.741776
205,0.2055,0.56291,0.733232,0.731076,0.741361,0.734732,0.735522,0.729041,0.732228
206,0.2065,0.563995,0.72193,0.724622,0.738816,0.731465,0.728518,0.730005,0.727394
207,0.2075,0.560326,0.72193,0.715114,0.73958,0.72809,0.732763,0.725064,0.722533
208,0.2085,0.554126,0.722305,0.720752,0.745217,0.726148,0.737049,0.725412,0.731036
209,0.2095,0.558304,0.722104,0.722506,0.743356,0.729483,0.725706,0.735736,0.728157
210,0.2105,0.552412,0.726912,0.724809,0.744333,0.734919,0.729402,0.738388,0.732134
211,0.2115,0.550523,0.733138,0.733567,0.746422,0.736968,0.736446,0.73899,0.735174
212,0.2125,0.550068,0.738803,0.730286,0.751591,0.746181,0.747654,0.756814,0.752984
213,0.2135,0.550189,0.747025,0.743985,0.764849,0.761809,0.759921,0.766656,0.765826
214,0.2145,0.55367,0.762371,0.758394,0.779432,0.777865,0.776057,0.783395,0.781655
215,0.2155,0.550644,0.775213,0.77986,0.789488,0.798367,0.805317,0.808718,0.81153
216,0.2165,0.553577,0.799746,0.805973,0.821761,0.81623,0.826488,0.839103,0.83779
217,0.2175,0.554875,0.835032,0.835326,0.848891,0.856404,0.858721,0.876852,0.87333
218,0.2185,0.55355,0.865979,0.868951,0.892105,0.895988,0.897595,0.922449,0.917307
219,0.2195,0.557848,0.900956,0.915459,0.929988,0.934689,0.935599,0.958967,0.959315
220,0.2205,0.561625,0.946031,0.956663,0.973751,0.983231,0.987758,1.00963,1.00952
221,0.2215,0.565977,0.991467,1.00172,1.01874,1.02614,1.03317,1.05978,1.0539
222,0.2225,0.566847,1.03153,1.04522,1.06296,1.07094,1.07641,1.10202,1.09969
223,0.2235,0.575404,1.08518,1.09254,1.10034,1.12308,1.12405,1.14713,1.14255
224,0.2245,0.581269,1.12753,1.13498,1.14798,1.16028,1.16705,1.18268,1.18276
225,0.2255,0.590375,1.16397,1.17301,1.17371,1.19331,1.20472,1.21726,1.21659
226,0.2265,0.597928,1.19357,1.21065,1.21028,1.22842,1.23725,1.24228,1.2489
227,0.2275,0.602923,1.22739,1.22856,1.22198,1.25395,1.24914,1.25901,1.27968
228,0.2285,0.616046,1.25357,1.26163,1.24812,1.27888,1.27176,1.27976,1.29067
229,0.2295,0.627281,1.27287,1.28006,1.2717,1.28092,1.28767,1.28457,1.29551
230,0.2305,0.634071,1.28949,1.28626,1.28195,1.2919,1.28674,1.28392,1.29575
231,0.2315,0.638543,1.28276,1.28315,1.27564,1.28645,1.27897,1.27749,1.2882
232,0.2325,0.648359,1.27074,1.27598,1.26432,1.26716,1.27018,1.25337,1.27543
233,0.2335,0.654238,1.24988,1.24567,1.24268,1.23843,1.23891,1.22096,1.23359
234,0.2345,0.658871,1.2176,1.20851,1.21191,1.20468,1.19651,1.16622,1.16988
235,0.2355,0.669691,1.1663,1.15491,1.15104,1.13665,1.1131,1.06166,1.06702
236,0.2365,0.676628,1.09392,1.04738,1.04736,1.00811,0.981611,0.922047,0.919811
237,0.2375,0.680725,0.961551,0.891328,0.897863,0.853391,0.80837,0.733433,0.728559
238,0.2385,0.677873,0.7938,0.724113,0.709034,0.658751,0.610676,0.545609,0.536289
239,0.2395,0.682279,0.617533,0.543453,0.514207,0.474997,0.429762,0.372341,0.365458
240,0.2405,0.678074,0.448697,0.375233,0.348223,0.318241,0.275992,0.241483,0.231894
241,0.2415,0.665152,0.293025,0.244,0.214352,0.196997,0.164242,0.140768,0.13738
242,0.2425,0.655697,0.186271,0.14741,0.128247,0.117173,0.095586,0.085248,0.0851945
243,0.2435,0.641422,0.1127,0.0920775,0.0789006,0.0716158,0.0628714,0.0608494,0.0590951
244,0.2445,0.612913,0.0745485,0.0646257,0.0584256,0.0573811,0.0543145,0.0569124,0.0559616
245,0.2455,0.597566,0.0597379,0.0589344,0.0547698,0.0582917,0.058372,0.0642775,0.064465
246,0.2465,0.579073,0.0631125,0.0684288,0.0652818,0.0712007,0.0738522,0.0833733,0.0846454
247,0.2475,0.563566,0.0768786,0.0872165,0.0856364,0.0956262,0.104196,0.112271,0.115311
248,0.2485,0.541417,0.101572,0.115432,0.116798,0.126466,0.136697,0.150262,0.153329
249,0.2495,0.534949,0.136094,0.153637,0.159114,0.167309,0.180298,0.193074,0.194734
250,0.2505,0.524866,0.1777,0.191346,0.200921,0.207898,0.219494,0.228279,0.228908
251,0.2515,0.517019,0.217312,0.226217,0.236407,0.240023,0.248272,0.24949,0.252892
252,0.2525,0.512934,0.242768,0.246772,0.251914,0.252785,0.256655,0.251164,0.249973
253,0.2535,0.509292,0.249879,0.246745,0.249986,0.243089,0.240425,0.231051,0.22935
254,0.2545,0.505717,0.236648,0.224342,0.228413,0.214981,0.206773,0.192511,0.191574
255,0.2555,0.503775,0.205862,0.190315,0.186927,0.175491,0.158471,0.144075,0.140179
256,0.2565,0.505636,0.161578,0.145093,0.135599,0.128796,0.113316,0.098291,0.0968314
257,0.2575,0.499851,0.11574,0.0993087,0.0916892,0.085007,0.0750842,0.0625634,0.0617064
258,0.2585,0.500815,0.0781909,0.0636079,0.0553992,0.0508596,0.0421687,0.0344822,0.0335046
259,0.2595,0.495178,0.0487839,0.0355133,0.0312282,0.0274385,0.021774,0.0191761,0.017529
260,0.2605,0.489232,0.0257913,0.0189083,0.0157748,0.014208,0.01082,0.00934702,0.0071107
261,0.2615,0.47639,0.0128019,0.0095345,0.0080079,0.00615993,0.00500829,0.00407091,0.00354865
262,0.2625,0.469708,0.00586532,0.00455299,0.00289249,0.00255771,0.00188815,0.00160694,0.00167389
263,0.2635,0.465757,0.00269162,0.00170068,0.00116503,0.000910598,0.000709731,0.000629384,0.00058921
264,0.2645,0.455513,0.000964162,0.000629384,0.000495472,0.000428517,0.000241041,0.000160694,9.3738e-05
265,0.2655,0.444412,0.00058921,0.000214258,0.000107129,6.69557e-05,6.69557e-05,4.01734e-05,5.35646e-05
266,0.2665,0.436217,0.000241041,1.33911e-05,1.33911e-05,4.01734e-05,0.0,0.0,1.33911e-05
267,0.2675,0.432146,2.67823e-05,1.33911e-05,0.0,0.0,0.0,0.0,0.0
268,0.2685,0.42533,0.0,0.0,0.0,0.0,0.0,0.0,0.0
269,0.2695,0.417991,0.0,0.0,0.0,0.0,0.0,0.0,0.0
270,0.2705,0.410492,0.0,0.0,0.0,0.0,0.0,0.0,0.0
271,0.2715,0.402471,0.0,0.0,0.0,0.0,0.0,0.0,0.0
272,0.2725,0.405886,0.0,0.0,0.0,0.0,0.0,0.0,0.0
273,0.2735,0.398427,0.0,0.0,0.0,0.0,0.0,0.0,0.0
274,0.2745,0.396043,0.0,0.0,0.0,0.0,0.0,0.0,0.0
275,0.2755,0.39062,0.0,0.0,0.0,0.0,0.0,0.0,0.0
276,0.2765,0.387446,0.0,0.0,0.0,0.0,0.0,0.0,0.0
277,0.2775,0.381259,0.0,0.0,0.0,0.0,0.0,0.0,0.0
278,0.2785,0.37905,0.0,0.0,0.0,0.0,0.0,0.0,0.0
279,0.2795,0.372769,0.0,0.0,0.0,0.0,0.0,0.0,0.0
280,0.2805,0.378032,0.0,0.0,0.0,0.0,0.0,0.0,0.0
281,0.2815,0.367373,0.0,0.0,0.0,0.0,0.0,0.0,0.0
282,0.2825,0.364547,0.0,0.0,0.0,0.0,0.0,0.0,0.0
283,0.2835,0.35816,0.0,0.0,0.0,0.0,0.0,0.0,0.0
284,0.2845,0.353714,0.0,0.0,0.0,0.0,0.0,0.0,0.0
285,0.2855,0.3505,0.0,0.0,0.0,0.0,0.0,0.0,0.0
286,0.2865,0.347688,0.0,0.0,0.0,0.0,0.0,0.0,0.0
287,0.2875,0.343429,0.0,0.0,0.0,0.0,0.0,0.0,0.0
288,0.2885,0.340698,0.0,0.0,0.0,0.0,0.0,0.0,0.0
289,0.2895,0.331846,0.0,0.0,0.0,0.0,0.0,0.0,0.0
290,0.2905,0.332007,0.0,0.0,0.0,0.0,0.0,0.0,0.0
291,0.2915,0.328967,0.0,0.0,0.0,0.0,0.0,0.0,0.0
292,0.2925,0.323999,0.0,0.0,0.0,0.0,0.0,0.0,0.0
293,0.2935,0.325499,0.0,0.0,0.0,0.0,0.0,0.0,0.0
294,0.2945,0.32037,0.0,0.0,0.0,0.0,0.0,0.0,0.0
295,0.2955,0.31887,0.0,0.0,0.0,0.0,0.0,0.0,0.0
296,0.2965,0.316018,0.0,0.0,0.0,0.0,0.0,0.0,0.0
297,0.2975,0.316727,0.0,0.0,0.0,0.0,0.0,0.0,0.0
298,0.2985,0.31196,0.0,0.0,0.0,0.0,0.0,0.0,0.0
299,0.2995,0.312723,0.0,0.0,0.0,0.0,0.0,0.0,0.0
300,0.3005,0.314732,0.0,0.0,0.0,0.0,0.0,0.0,0.0
301,0.3015,0.312817,0.0,0.0,0.0,0.0,0.0,0.0,0.0
302,0.3025,0.310808,0.0,0.0,0.0,0.0,0.0,0.0,0.0
303,0.3035,0.305787,0.0,0.0,0.0,0.0,0.0,0.0,0.0
304,0.3045,0.303845,0.0,0.0,0.0,0.0,0.0,0.0,0.0
305,0.3055,0.301609,0.0,0.0,0.0,0.0,0.0,0.0,0.0
306,0.3065,0.301395,0.0,0.0,0.0,0.0,0.0,0.0,0.0
307,0.3075,0.296547,0.0,0.0,0.0,0.0,0.0,0.0,0.0
308,0.3085,0.29186,0.0,0.0,0.0,0.0,0.0,0.0,0.0
309,0.3095,0.288432,0.0,0.0,0.0,0.0,0.0,0.0,0.0
310,0.3105,0.28637,0.0,0.0,0.0,0.0,0.0,0.0,0.0
311,0.3115,0.284307,0.0,0.0,0.0,0.0,0.0,0.0,0.0
312,0.3125,0.284923,0.0,0.0,0.0,0.0,0.0,0.0,0.0
313,0.3135,0.279366,0.0,0.0,0.0,0.0,0.0,0.0,0.0
314,0.3145,0.278241,0.0,0.0,0.0,0.0,0.0,0.0,0.0
315,0.3155,0.271465,0.0,0.0,0.0,0.0,0.0,0.0,0.0
316,0.3165,0.27093,0.0,0.0,0.0,0.0,0.0,0.0,0.0
317,0.3175,0.270461,0.0,0.0,0.0,0.0,0.0,0.0,0.0
318,0.3185,0.267743,0.0,0.0,0.0,0.0,0.0,0.0,0.0
319,0.3195,0.267689,0.0,0.0,0.0,0.0,0.0,0.0,0.0
320,0.3205,0.263417,0.0,0.0,0.0,0.0,0.0,0.0,0.0
321,0.3215,0.261127,0.0,0.0,0.0,0.0,0.0,0.0,0.0
322,0.3225,0.258985,0.0,0.0,0.0,0.0,0.0,0.0,0.0
323,0.3235,0.26106,0.0,0.0,0.0,0.0,0.0,0.0,0.0
324,0.3245,0.254941,0.0,0.0,0.0,0.0,0.0,0.0,0.0
325,0.3255,0.25249,0.0,0.0,0.0,0.0,0.0,0.0,0.0
326,0.3265,0.252611,0.0,0.0,0.0,0.0,0.0,0.0,0.0
327,0.3275,0.248218,0.0,0.0,0.0,0.0,0.0,0.0,0.0
328,0.3285,0.246866,0.0,0.0,0.0,0.0,0.0,0.0,0.0
329,0.3295,0.244884,0.0,0.0,0.0,0.0,0.0,0.0,0.0
330,0.3305,0.24238,0.0,0.0,0.0,0.0,0.0,0.0,0.0
331,0.3315,0.242099,0.0,0.0,0.0,0.0,0.0,0.0,0.0
332,0.3325,0.240197,0.0,0.0,0.0,0.0,0.0,0.0,0.0
333,0.3335,0.242393,0.0,0.0,0.0,0.0,0.0,0.0,0.0
334,0.3345,0.235724,0.0,0.0,0.0,0.0,0.0,0.0,0.0
335,0.3355,0.240023,0.0,0.0,0.0,0.0,0.0,0.0,0.0
336,0.3365,0.234412,0.0,0.0,0.0,0.0,0.0,0.0,0.0
337,0.3375,0.234064,0.0,0.0,0.0,0.0,0.0,0.0,0.0
338,0.3385,0.232711,0.0,0.0,0.0,0.0,0.0,0.0,0.0
339,0.3395,0.232885,0.0,0.0,0.0,0.0,0.0,0.0,0.0
340,0.3405,0.23152,0.0,0.0,0.0,0.0,0.0,0.0,0.0
341,0.3415,0.227917,0.0,0.0,0.0,0.0,0.0,0.0,0.0
342,0.3425,0.226511,0.0,0.0,0.0,0.0,0.0,0.0,0.0
343,0.3435,0.225614,0.0,0.0,0.0,0.0,0.0,0.0,0.0
344,0.3445,0.221074,0.0,0.0,0.0,0.0,0.0,0.0,0.0
345,0.3455,0.218851,0.0,0.0,0.0,0.0,0.0,0.0,0.0
346,0.3465,0.2192,0.0,0.0,0.0,0.0,0.0,0.0,0.0
347,0.3475,0.216923,0.0,0.0,0.0,0.0,0.0,0.0,0.0
348,0.3485,0.216669,0.0,0.0,0.0,0.0,0.0,0.0,0.0
349,0.3495,0.212892,0.0,0.0,0.0,0.0,0.0,0.0,0.0
350,0.3505,0.212531,0.0,0.0,0.0,0.0,0.0,0.0,0.0
351,0.3515,0.212022,0.0,0.0,0.0,0.0,0.0,0.0,0.0
352,0.3525,0.210107,0.0,0.0,0.0,0.0,0.0,0.0,0.0
353,0.3535,0.209946,0.0,0.0,0.0,0.0,0.0,0.0,0.0
354,0.3545,0.210736,0.0,0.0,0.0,0.0,0.0,0.0,0.0
355,0.3555,0.207844,0.0,0.0,0.0,0.0,0.0,0.0,0.0
356,0.3565,0.209411,0.0,0.0,0.0,0.0,0.0,0.0,0.0
357,0.3575,0.206826,0.0,0.0,0.0,0.0,0.0,0.0,0.0
358,0.3585,0.202688,0.0,0.0,0.0,0.0,0.0,0.0,0.0
359,0.3595,0.201175,0.0,0.0,0.0,0.0,0.0,0.0,0.0
360,0.3605,0.205608,0.0,0.0,0.0,0.0,0.0,0.0,0.0
361,0.3615,0.201189,0.0,0.0,0.0,0.0,0.0,0.0,0.0
362,0.3625,0.20084,0.0,0.0,0.0,0.0,0.0,0.0,0.0
363,0.3635,0.198631,0.0,0.0,0.0,0.0,0.0,0.0,0.0
364,0.3645,0.197292,0.0,0.0,0.0,0.0,0.0,0.0,0.0
365,0.3655,0.199006,0.0,0.0,0.0,0.0,0.0,0.0,0.0
366,0.3665,0.197439,0.0,0.0,0.0,0.0,0.0,0.0,0.0
367,0.3675,0.19527,0.0,0.0,0.0,0.0,0.0,0.0,0.0
368,0.3685,0.190194,0.0,0.0,0.0,0.0,0.0,0.0,0.0
369,0.3695,0.191319,0.0,0.0,0.0,0.0,0.0,0.0,0.0
370,0.3705,0.185722,0.0,0.0,0.0,0.0,0.0,0.0,0.0
371,0.3715,0.184637,0.0,0.0,0.0,0.0,0.0,0.0,0.0
372,0.3725,0.184958,0.0,0.0,0.0,0.0,0.0,0.0,0.0
373,0.3735,0.182387,0.0,0.0,0.0,0.0,0.0,0.0,0.0
374,0.3745,0.183419,0.0,0.0,0.0,0.0,0.0,0.0,0.0
375,0.3755,0.181919,0.0,0.0,0.0,0.0,0.0,0.0,0.0
376,0.3765,0.177125,0.0,0.0,0.0,0.0,0.0,0.0,0.0
377,0.3775,0.177942,0.0,0.0,0.0,0.0,0.0,0.0,0.0
378,0.3785,0.178035,0.0,0.0,0.0,0.0,0.0,0.0,0.0
379,0.3795,0.176134,0.0,0.0,0.0,0.0,0.0,0.0,0.0
380,0.3805,0.175906,0.0,0.0,0.0,0.0,0.0,0.0,0.0
381,0.3815,0.175652,0.0,0.0,0.0,0.0,0.0,0.0,0.0
382,0.3825,0.170684,0.0,0.0,0.0,0.0,0.0,0.0,0.0
383,0.3835,0.17063,0.0,0.0,0.0,0.0,0.0,0.0,0.0
384,0.3845,0.169706,0.0,0.0,0.0,0.0,0.0,0.0,0.0
385,0.3855,0.17059,0.0,0.0,0.0,0.0,0.0,0.0,0.0
386,0.3865,0.167791,0.0,0.0,0.0,0.0,0.0,0.0,0.0
387,0.3875,0.169706,0.0,0.0,0.0,0.0,0.0,0.0,0.0
388,0.3885,0.168956,0.0,0.0,0.0,0.0,0.0,0.0,0.0
389,0.3895,0.166599,0.0,0.0,0.0,0.0,0.0,0.0,0.0
390,0.3905,0.163988,0.0,0.0,0.0,0.0,0.0,0.0,0.0
391,0.3915,0.161484,0.0,0.0,0.0,0.0,0.0,0.0,0.0
392,0.3925,0.16376,0.0,0.0,0.0,0.0,0.0,0.0,0.0
393,0.3935,0.161671,0.0,0.0,0.0,0.0,0.0,0.0,0.0
394,0.3945,0.157507,0.0,0.0,0.0,0.0,0.0,0.0,0.0
395,0.3955,0.157908,0.0,0.0,0.0,0.0,0.0,0.0,0.0
396,0.3965,0.158551,0.0,0.0,0.0,0.0,0.0,0.0,0.0
397,0.3975,0.158257,0.0,0.0,0.0,0.0,0.0,0.0,0.0
398,0.3985,0.155793,0.0,0.0,0.0,0.0,0.0,0.0,0.0
399,0.3995,0.155324,0.0,0.0,0.0,0.0,0.0,0.0,0.0
400,0.4005,0.149526,0.0,0.0,0.0,0.0,0.0,0.0,0.0
401,0.4015,0.149713,0.0,0.0,0.0,0.0,0.0,0.0,0.0
402,0.4025,0.148053,0.0,0.0,0.0,0.0,0.0,0.0,0.0
403,0.4035,0.147972,0.0,0.0,0.0,0.0,0.0,0.0,0.0
404,0.4045,0.144517,0.0,0.0,0.0,0.0,0.0,0.0,0.0
405,0.4055,0.142201,0.0,0.0,0.0,0.0,0.0,0.0,0.0
406,0.4065,0.139723,0.0,0.0,0.0,0.0,0.0,0.0,0.0
407,0.4075,0.141062,0.0,0.0,0.0,0.0,0.0,0.0,0.0
408,0.4085,0.141437,0.0,0.0,0.0,0.0,0.0,0.0,0.0
409,0.4095,0.136616,0.0,0.0,0.0,0.0,0.0,0.0,0.0
410,0.4105,0.135585,0.0,0.0,0.0,0.0,0.0,0.0,0.0
411,0.4115,0.136108,0.0,0.0,0.0,0.0,0.0,0.0,0.0
412,0.4125,0.133536,0.0,0.0,0.0,0.0,0.0,0.0,0.0
413,0.4135,0.131675,0.0,0.0,0.0,0.0,0.0,0.0,0.0
414,0.4145,0.131702,0.0,0.0,0.0,0.0,0.0,0.0,0.0
415,0.4155,0.126613,0.0,0.0,0.0,0.0,0.0,0.0,0.0
416,0.4165,0.129613,0.0,0.0,0.0,0.0,0.0,0.0,0.0
417,0.4175,0.126158,0.0,0.0,0.0,0.0,0.0,0.0,0.0
418,0.4185,0.124056,0.0,0.0,0.0,0.0,0.0,0.0,0.0
419,0.4195,0.120413,0.0,0.0,0.0,0.0,0.0,0.0,0.0
420,0.4205,0.120949,0.0,0.0,0.0,0.0,0.0,0.0,0.0
421,0.4215,0.122141,0.0,0.0,0.0,0.0,0.0,0.0,0.0
422,0.4225,0.118927,0.0,0.0,0.0,0.0,0.0,0.0,0.0
423,0.4235,0.117735,0.0,0.0,0.0,0.0,0.0,0.0,0.0
424,0.4245,0.115057,0.0,0.0,0.0,0.0,0.0,0.0,0.0
425,0.4255,0.11507,0.0,0.0,0.0,0.0,0.0,0.0,0.0
426,0.4265,0.113356,0.0,0.0,0.0,0.0,0.0,0.0,0.0
427,0.4275,0.111682,0.0,0.0,0.0,0.0,0.0,0.0,0.0
428,0.4285,0.110905,0.0,0.0,0.0,0.0,0.0,0.0,0.0
429,0.4295,0.107625,0.0,0.0,0.0,0.0,0.0,0.0,0.0
430,0.4305,0.105281,0.0,0.0,0.0,0.0,0.0,0.0,0.0
431,0.4315,0.104263,0.0,0.0,0.0,0.0,0.0,0.0,0.0
432,0.4325,0.101907,0.0,0.0,0.0,0.0,0.0,0.0,0.0
433,0.4335,0.100956,0.0,0.0,0.0,0.0,0.0,0.0,0.0
434,0.4345,0.097367,0.0,0.0,0.0,0.0,0.0,0.0,0.0
435,0.4355,0.0967778,0.0,0.0,0.0,0.0,0.0,0.0,0.0
436,0.4365,0.0955458,0.0,0.0,0.0,0.0,0.0,0.0,0.0
437,0.4375,0.0926935,0.0,0.0,0.0,0.0,0.0,0.0,0.0
438,0.4385,0.0933229,0.0,0.0,0.0,0.0,0.0,0.0,0.0
439,0.4395,0.0909928,0.0,0.0,0.0,0.0,0.0,0.0,0.0
440,0.4405,0.0900822,0.0,0.0,0.0,0.0,0.0,0.0,0.0
441,0.4415,0.0876584,0.0,0.0,0.0,0.0,0.0,0.0,0.0
442,0.4425,0.0860917,0.0,0.0,0.0,0.0,0.0,0.0,0.0
443,0.4435,0.0858506,0.0,0.0,0.0,0.0,0.0,0.0,0.0
444,0.4445,0.0814985,0.0,0.0,0.0,0.0,0.0,0.0,0.0
445,0.4455,0.0825564,0.0,0.0,0.0,0.0,0.0,0.0,0.0
446,0.4465,0.0798916,0.0,0.0,0.0,0.0,0.0,0.0,0.0
447,0.4475,0.0776151,0.0,0.0,0.0,0.0,0.0,0.0,0.0
448,0.4485,0.0780436,0.0,0.0,0.0,0.0,0.0,0.0,0.0
449,0.4495,0.0754055,0.0,0.0,0.0,0.0,0.0,0.0,0.0
450,0.4505,0.0740932,0.0,0.0,0.0,0.0,0.0,0.0,0.0
451,0.4515,0.075593,0.0,0.0,0.0,0.0,0.0,0.0,0.0
452,0.4525,0.0720176,0.0,0.0,0.0,0.0,0.0,0.0,0.0
453,0.4535,0.0707722,0.0,0.0,0.0,0.0,0.0,0.0,0.0
454,0.4545,0.0691385,0.0,0.0,0.0,0.0,0.0,0.0,0.0
455,0.4555,0.0654827,0.0,0.0,0.0,0.0,0.0,0.0,0.0
456,0.4565,0.0636079,0.0,0.0,0.0,0.0,0.0,0.0,0.0
457,0.4575,0.0630857,0.0,0.0,0.0,0.0,0.0,0.0,0.0
458,0.4585,0.062068,0.0,0.0,0.0,0.0,0.0,0.0,0.0
459,0.4595,0.0590549,0.0,0.0,0.0,0.0,0.0,0.0,0.0
460,0.4605,0.0544886,0.0,0.0,0.0,0.0,0.0,0.0,0.0
461,0.4615,0.0539663,0.0,0.0,0.0,0.0,0.0,0.0,0.0
462,0.4625,0.0524263,0.0,0.0,0.0,0.0,0.0,0.0,0.0
463,0.4635,0.0507658,0.0,0.0,0.0,0.0,0.0,0.0,0.0
464,0.4645,0.047485,0.0,0.0,0.0,0.0,0.0,0.0,0.0
465,0.4655,0.0440703,0.0,0.0,0.0,0.0,0.0,0.0,0.0
466,0.4665,0.0417134,0.0,0.0,0.0,0.0,0.0,0.0,0.0
467,0.4675,0.0394235,0.0,0.0,0.0,0.0,0.0,0.0,0.0
468,0.4685,0.0377362,0.0,0.0,0.0,0.0,0.0,0.0,0.0
469,0.4695,0.0326878,0.0,0.0,0.0,0.0,0.0,0.0,0.0
470,0.4705,0.0317638,0.0,0.0,0.0,0.0,0.0,0.0,0.0
471,0.4715,0.0282419,0.0,0.0,0.0,0.0,0.0,0.0,0.0
472,0.4725,0.0255771,0.0,0.0,0.0,0.0,0.0,0.0,0.0
473,0.4735,0.0220418,0.0,0.0,0.0,0.0,0.0,0.0,0.0
474,0.4745,0.0195779,0.0,0.0,0.0,0.0,0.0,0.0,0.0
475,0.4755,0.0171005,0.0,0.0,0.0,0.0,0.0,0.0,0.0
476,0.4765,0.0149847,0.0,0.0,0.0,0.0,0.0,0.0,0.0
477,0.4775,0.0132438,0.0,0.0,0.0,0.0,0.0,0.0,0.0
478,0.4785,0.0101505,0.0,0.0,0.0,0.0,0.0,0.0,0.0
479,0.4795,0.00899885,0.0,0.0,0.0,0.0,0.0,0.0,0.0
480,0.4805,0.00799451,0.0,0.0,0.0,0.0,0.0,0.0,0.0
481,0.4815,0.00632062,0.0,0.0,0.0,0.0,0.0,0.0,0.0
482,0.4825,0.00598584,0.0,0.0,0.0,0.0,0.0,0.0,0.0
483,0.4835,0.00516898,0.0,0.0,0.0,0.0,0.0,0.0,0.0
484,0.4845,0.00511542,0.0,0.0,0.0,0.0,0.0,0.0,0.0
485,0.4855,0.0043923,0.0,0.0,0.0,0.0,0.0,0.0,0.0
486,0.4865,0.00472707,0.0,0.0,0.0,0.0,0.0,0.0,0.0
487,0.4875,0.00482081,0.0,0.0,0.0,0.0,0.0,0.0,0.0
488,0.4885,0.00463334,0.0,0.0,0.0,0.0,0.0,0.0,0.0
489,0.4895,0.00449942,0.0,0.0,0.0,0.0,0.0,0.0,0.0
490,0.4905,0.00382987,0.0,0.0,0.0,0.0,0.0,0.0,0.0
491,0.4915,0.00350848,0.0,0.0,0.0,0.0,0.0,0.0,0.0
492,0.4925,0.00373613,0.0,0.0,0.0,0.0,0.0,0.0,0.0
493,0.4935,0.00267823,0.0,0.0,0.0,0.0,0.0,0.0,0.0
494,0.4945,0.00191493,0.0,0.0,0.0,0.0,0.0,0.0,0.0
495,0.4955,0.00144624,0.0,0.0,0.0,0.0,0.0,0.0,0.0
496,0.4965,0.00104451,0.0,0.0,0.0,0.0,0.0,0.0,0.0
497,0.4975,0.000575819,0.0,0.0,0.0,0.0,0.0,0.0,0.0
498,0.4985,0.000321387,0.0,0.0,0.0,0.0,0.0,0.0,0.0
499,0.4995,0.000200867,0.0,0.0,0.0,0.0,0.0,0.0,0.0
500,0.5005,8.03469e-05,0.0,0.0,0.0,0.0,0.0,0.0,0.0
501,0.5015,5.35646e-05,0.0,0.0,0.0,0.0,0.0,0.0,0.0
502,0.5025,0.0,0.0,0.0,0.0,0.0,0.0,0.0,0.0
503,0.5035,0.0,0.0,0.0,0.0,0.0,0.0,0.0,0.0
504,0.5045,0.0,0.0,0.0,0.0,0.0,0.0,0.0,0.0
505,0.5055,0.0,0.0,0.0,0.0,0.0,0.0,0.0,0.0
506,0.5065,0.0,0.0,0.0,0.0,0.0,0.0,0.0,0.0
507,0.5075,0.0,0.0,0.0,0.0,0.0,0.0,0.0,0.0
508,0.5085,0.0,0.0,0.0,0.0,0.0,0.0,0.0,0.0
509,0.5095,0.0,0.0,0.0,0.0,0.0,0.0,0.0,0.0
510,0.5105,0.0,0.0,0.0,0.0,0.0,0.0,0.0,0.0
511,0.5115,0.0,0.0,0.0,0.0,0.0,0.0,0.0,0.0
512,0.5125,0.0,0.0,0.0,0.0,0.0,0.0,0.0,0.0
513,0.5135,0.0,0.0,0.0,0.0,0.0,0.0,0.0,0.0
514,0.5145,0.0,0.0,0.0,0.0,0.0,0.0,0.0,0.0
515,0.5155,0.0,0.0,0.0,0.0,0.0,0.0,0.0,0.0
516,0.5165,0.0,0.0,0.0,0.0,0.0,0.0,0.0,0.0
517,0.5175,0.0,0.0,0.0,0.0,0.0,0.0,0.0,0.0
518,0.5185,0.0,0.0,0.0,0.0,0.0,0.0,0.0,0.0
519,0.5195,0.0,0.0,0.0,0.0,0.0,0.0,0.0,0.0
520,0.5205,0.0,0.0,0.0,0.0,0.0,0.0,0.0,0.0
521,0.5215,0.0,0.0,0.0,0.0,0.0,0.0,0.0,0.0
522,0.5225,0.0,0.0,0.0,0.0,0.0,0.0,0.0,0.0
523,0.5235,0.0,0.0,0.0,0.0,0.0,0.0,0.0,0.0
524,0.5245,0.0,0.0,0.0,0.0,0.0,0.0,0.0,0.0
525,0.5255,0.0,0.0,0.0,0.0,0.0,0.0,0.0,0.0
526,0.5265,0.0,0.0,0.0,0.0,0.0,0.0,0.0,0.0
527,0.5275,0.0,0.0,0.0,0.0,0.0,0.0,0.0,0.0
528,0.5285,0.0,0.0,0.0,0.0,0.0,0.0,0.0,0.0
529,0.5295,0.0,0.0,0.0,0.0,0.0,0.0,0.0,0.0
530,0.5305,0.0,0.0,0.0,0.0,0.0,0.0,0.0,0.0
531,0.5315,0.0,0.0,0.0,0.0,0.0,0.0,0.0,0.0
532,0.5325,0.0,0.0,0.0,0.0,0.0,0.0,0.0,0.0
533,0.5335,0.0,0.0,0.0,0.0,0.0,0.0,0.0,0.0
534,0.5345,0.0,0.0,0.0,0.0,0.0,0.0,0.0,0.0
535,0.5355,0.0,0.0,0.0,0.0,0.0,0.0,0.0,0.0
536,0.5365,0.0,0.0,0.0,0.0,0.0,0.0,0.0,0.0
537,0.5375,0.0,0.0,0.0,0.0,0.0,0.0,0.0,0.0
538,0.5385,0.0,0.0,0.0,0.0,0.0,0.0,0.0,0.0
539,0.5395,0.0,0.0,0.0,0.0,0.0,0.0,0.0,0.0
540,0.5405,0.0,0.0,0.0,0.0,0.0,0.0,0.0,0.0
541,0.5415,0.0,0.0,0.0,0.0,0.0,0.0,0.0,0.0
542,0.5425,0.0,0.0,0.0,0.0,0.0,0.0,0.0,0.0
543,0.5435,0.0,0.0,0.0,0.0,0.0,0.0,0.0,0.0
544,0.5445,0.0,0.0,0.0,0.0,0.0,0.0,0.0,0.0
545,0.5455,0.0,0.0,0.0,0.0,0.0,0.0,0.0,0.0
546,0.5465,0.0,0.0,0.0,0.0,0.0,0.0,0.0,0.0
547,0.5475,0.0,0.0,0.0,0.0,0.0,0.0,0.0,0.0
548,0.5485,0.0,0.0,0.0,0.0,0.0,0.0,0.0,0.0
549,0.5495,0.0,0.0,0.0,0.0,0.0,0.0,0.0,0.0
550,0.5505,0.0,0.0,0.0,0.0,0.0,0.0,0.0,0.0
551,0.5515,0.0,0.0,0.0,0.0,0.0,0.0,0.0,0.0
552,0.5525,0.0,0.0,0.0,0.0,0.0,0.0,0.0,0.0
553,0.5535,0.0,0.0,0.0,0.0,0.0,0.0,0.0,0.0
554,0.5545,0.0,0.0,0.0,0.0,0.0,0.0,0.0,0.0
555,0.5555,0.0,0.0,0.0,0.0,0.0,0.0,0.0,0.0
556,0.5565,0.0,0.0,0.0,0.0,0.0,0.0,0.0,0.0
557,0.5575,0.0,0.0,0.0,0.0,0.0,0.0,0.0,0.0
558,0.5585,0.0,0.0,0.0,0.0,0.0,0.0,0.0,0.0
559,0.5595,0.0,0.0,0.0,0.0,0.0,0.0,0.0,0.0
560,0.5605,0.0,0.0,0.0,0.0,0.0,0.0,0.0,0.0
561,0.5615,0.0,0.0,0.0,0.0,0.0,0.0,0.0,0.0
562,0.5625,0.0,0.0,0.0,0.0,0.0,0.0,0.0,0.0
563,0.5635,0.0,0.0,0.0,0.0,0.0,0.0,0.0,0.0
564,0.5645,0.0,0.0,0.0,0.0,0.0,0.0,0.0,0.0
565,0.5655,0.0,0.0,0.0,0.0,0.0,0.0,0.0,0.0
566,0.5665,0.0,0.0,0.0,0.0,0.0,0.0,0.0,0.0
567,0.5675,0.0,0.0,0.0,0.0,0.0,0.0,0.0,0.0
568,0.5685,0.0,0.0,0.0,0.0,0.0,0.0,0.0,0.0
569,0.5695,0.0,0.0,0.0,0.0,0.0,0.0,0.0,0.0
570,0.5705,0.0,0.0,0.0,0.0,0.0,0.0,0.0,0.0
571,0.5715,0.0,0.0,0.0,0.0,0.0,0.0,0.0,0.0
572,0.5725,0.0,0.0,0.0,0.0,0.0,0.0,0.0,0.0
573,0.5735,0.0,0.0,0.0,0.0,0.0,0.0,0.0,0.0
574,0.5745,0.0,0.0,0.0,0.0,0.0,0.0,0.0,0.0
575,0.5755,0.0,0.0,0.0,0.0,0.0,0.0,0.0,0.0
576,0.5765,0.0,0.0,0.0,0.0,0.0,0.0,0.0,0.0
577,0.5775,0.0,0.0,0.0,0.0,0.0,0.0,0.0,0.0
578,0.5785,0.0,0.0,0.0,0.0,0.0,0.0,0.0,0.0
579,0.5795,0.0,0.0,0.0,0.0,0.0,0.0,0.0,0.0
580,0.5805,0.0,0.0,0.0,0.0,0.0,0.0,0.0,0.0
581,0.5815,0.0,0.0,0.0,0.0,0.0,0.0,0.0,0.0
582,0.5825,0.0,0.0,0.0,0.0,0.0,0.0,0.0,0.0
583,0.5835,0.0,0.0,0.0,0.0,0.0,0.0,0.0,0.0
584,0.5845,0.0,0.0,0.0,0.0,0.0,0.0,0.0,0.0
585,0.5855,0.0,0.0,0.0,0.0,0.0,0.0,0.0,0.0
586,0.5865,0.0,0.0,0.0,0.0,0.0,0.0,0.0,0.0
587,0.5875,0.0,0.0,0.0,0.0,0.0,0.0,0.0,0.0
588,0.5885,0.0,0.0,0.0,0.0,0.0,0.0,0.0,0.0
589,0.5895,0.0,0.0,0.0,0.0,0.0,0.0,0.0,0.0
590,0.5905,0.0,0.0,0.0,0.0,0.0,0.0,0.0,0.0
591,0.5915,0.0,0.0,0.0,0.0,0.0,0.0,0.0,0.0
592,0.5925,0.0,0.0,0.0,0.0,0.0,0.0,0.0,0.0
593,0.5935,0.0,0.0,0.0,0.0,0.0,0.0,0.0,0.0
594,0.5945,0.0,0.0,0.0,0.0,0.0,0.0,0.0,0.0
595,0.5955,0.0,0.0,0.0,0.0,0.0,0.0,0.0,0.0
596,0.5965,0.0,0.0,0.0,0.0,0.0,0.0,0.0,0.0
597,0.5975,0.0,0.0,0.0,0.0,0.0,0.0,0.0,0.0
598,0.5985,0.0,0.0,0.0,0.0,0.0,0.0,0.0,0.0
599,0.5995,0.0,0.0,0.0,0.0,0.0,0.0,0.0,0.0
600,0.6005,0.0,0.0,0.0,0.0,0.0,0.0,0.0,0.0
601,0.6015,0.0,0.0,0.0,0.0,0.0,0.0,0.0,0.0
602,0.6025,0.0,0.0,0.0,0.0,0.0,0.0,0.0,0.0
603,0.6035,0.0,0.0,0.0,0.0,0.0,0.0,0.0,0.0
604,0.6045,0.0,0.0,0.0,0.0,0.0,0.0,0.0,0.0
605,0.6055,0.0,0.0,0.0,0.0,0.0,0.0,0.0,0.0
606,0.6065,0.0,0.0,0.0,0.0,0.0,0.0,0.0,0.0
607,0.6075,0.0,0.0,0.0,0.0,0.0,0.0,0.0,0.0
608,0.6085,0.0,0.0,0.0,0.0,0.0,0.0,0.0,0.0
609,0.6095,0.0,0.0,0.0,0.0,0.0,0.0,0.0,0.0
610,0.6105,0.0,0.0,0.0,0.0,0.0,0.0,0.0,0.0
611,0.6115,0.0,0.0,0.0,0.0,0.0,0.0,0.0,0.0
612,0.6125,0.0,0.0,0.0,0.0,0.0,0.0,0.0,0.0
613,0.6135,0.0,0.0,0.0,0.0,0.0,0.0,0.0,0.0
614,0.6145,0.0,0.0,0.0,0.0,0.0,0.0,0.0,0.0
615,0.6155,0.0,0.0,0.0,0.0,0.0,0.0,0.0,0.0
616,0.6165,0.0,0.0,0.0,0.0,0.0,0.0,0.0,0.0
617,0.6175,0.0,0.0,0.0,0.0,0.0,0.0,0.0,0.0
618,0.6185,0.0,0.0,0.0,0.0,0.0,0.0,0.0,0.0
619,0.6195,0.0,0.0,0.0,0.0,0.0,0.0,0.0,0.0
620,0.6205,0.0,0.0,0.0,0.0,0.0,0.0,0.0,0.0
621,0.6215,0.0,0.0,0.0,0.0,0.0,0.0,0.0,0.0
622,0.6225,0.0,0.0,0.0,0.0,0.0,0.0,0.0,0.0
623,0.6235,0.0,0.0,0.0,0.0,0.0,0.0,0.0,0.0
624,0.6245,0.0,0.0,0.0,0.0,0.0,0.0,0.0,0.0
625,0.6255,0.0,0.0,0.0,0.0,0.0,0.0,0.0,0.0
626,0.6265,0.0,0.0,0.0,0.0,0.0,0.0,0.0,0.0
627,0.6275,0.0,0.0,0.0,0.0,0.0,0.0,0.0,0.0
628,0.6285,0.0,0.0,0.0,0.0,0.0,0.0,0.0,0.0
629,0.6295,0.0,0.0,0.0,0.0,0.0,0.0,0.0,0.0
630,0.6305,0.0,0.0,0.0,0.0,0.0,0.0,0.0,0.0
631,0.6315,0.0,0.0,0.0,0.0,0.0,0.0,0.0,0.0
632,0.6325,0.0,0.0,0.0,0.0,0.0,0.0,0.0,0.0
633,0.6335,0.0,0.0,0.0,0.0,0.0,0.0,0.0,0.0
634,0.6345,0.0,0.0,0.0,0.0,0.0,0.0,0.0,0.0
635,0.6355,0.0,0.0,0.0,0.0,0.0,0.0,0.0,0.0
636,0.6365,0.0,0.0,0.0,0.0,0.0,0.0,0.0,0.0
637,0.6375,0.0,0.0,0.0,0.0,0.0,0.0,0.0,0.0
638,0.6385,0.0,0.0,0.0,0.0,0.0,0.0,0.0,0.0
639,0.6395,0.0,0.0,0.0,0.0,0.0,0.0,0.0,0.0
640,0.6405,0.0,0.0,0.0,0.0,0.0,0.0,0.0,0.0
641,0.6415,0.0,0.0,0.0,0.0,0.0,0.0,0.0,0.0
642,0.6425,0.0,0.0,0.0,0.0,0.0,0.0,0.0,0.0
643,0.6435,0.0,0.0,0.0,0.0,0.0,0.0,0.0,0.0
644,0.6445,0.0,0.0,0.0,0.0,0.0,0.0,0.0,0.0
645,0.6455,0.0,0.0,0.0,0.0,0.0,0.0,0.0,0.0
646,0.6465,0.0,0.0,0.0,0.0,0.0,0.0,0.0,0.0
647,0.6475,0.0,0.0,0.0,0.0,0.0,0.0,0.0,0.0
648,0.6485,0.0,0.0,0.0,0.0,0.0,0.0,0.0,0.0
649,0.6495,0.0,0.0,0.0,0.0,0.0,0.0,0.0,0.0
650,0.6505,0.0,0.0,0.0,0.0,0.0,0.0,0.0,0.0
651,0.6515,0.0,0.0,0.0,0.0,0.0,0.0,0.0,0.0
652,0.6525,0.0,0.0,0.0,0.0,0.0,0.0,0.0,0.0
653,0.6535,0.0,0.0,0.0,0.0,0.0,0.0,0.0,0.0
654,0.6545,0.0,0.0,0.0,0.0,0.0,0.0,0.0,0.0
655,0.6555,0.0,0.0,0.0,0.0,0.0,0.0,0.0,0.0
656,0.6565,0.0,0.0,0.0,0.0,0.0,0.0,0.0,0.0
657,0.6575,0.0,0.0,0.0,0.0,0.0,0.0,0.0,0.0
658,0.6585,0.0,0.0,0.0,0.0,0.0,0.0,0.0,0.0
659,0.6595,0.0,0.0,0.0,0.0,0.0,0.0,0.0,0.0
660,0.6605,0.0,0.0,0.0,0.0,0.0,0.0,0.0,0.0
661,0.6615,0.0,0.0,0.0,0.0,0.0,0.0,0.0,0.0
662,0.6625,0.0,0.0,0.0,0.0,0.0,0.0,0.0,0.0
663,0.6635,0.0,0.0,0.0,0.0,0.0,0.0,0.0,0.0
664,0.6645,0.0,0.0,0.0,0.0,0.0,0.0,0.0,0.0
665,0.6655,0.0,0.0,0.0,0.0,0.0,0.0,0.0,0.0
666,0.6665,0.0,0.0,0.0,0.0,0.0,0.0,0.0,0.0
667,0.6675,0.0,0.0,0.0,0.0,0.0,0.0,0.0,0.0
668,0.6685,0.0,0.0,0.0,0.0,0.0,0.0,0.0,0.0
669,0.6695,0.0,0.0,0.0,0.0,0.0,0.0,0.0,0.0
670,0.6705,0.0,0.0,0.0,0.0,0.0,0.0,0.0,0.0
671,0.6715,0.0,0.0,0.0,0.0,0.0,0.0,0.0,0.0
672,0.6725,0.0,0.0,0.0,0.0,0.0,0.0,0.0,0.0
673,0.6735,0.0,0.0,0.0,0.0,0.0,0.0,0.0,0.0
674,0.6745,0.0,0.0,0.0,0.0,0.0,0.0,0.0,0.0
675,0.6755,0.0,0.0,0.0,0.0,0.0,0.0,0.0,0.0
676,0.6765,0.0,0.0,0.0,0.0,0.0,0.0,0.0,0.0
677,0.6775,0.0,0.0,0.0,0.0,0.0,0.0,0.0,0.0
678,0.6785,0.0,0.0,0.0,0.0,0.0,0.0,0.0,0.0
679,0.6795,0.0,0.0,0.0,0.0,0.0,0.0,0.0,0.0
680,0.6805,0.0,0.0,0.0,0.0,0.0,0.0,0.0,0.0
681,0.6815,0.0,0.0,0.0,0.0,0.0,0.0,0.0,0.0
682,0.6825,0.0,0.0,0.0,0.0,0.0,0.0,0.0,0.0
683,0.6835,0.0,0.0,0.0,0.0,0.0,0.0,0.0,0.0
684,0.6845,0.0,0.0,0.0,0.0,0.0,0.0,0.0,0.0
685,0.6855,0.0,0.0,0.0,0.0,0.0,0.0,0.0,0.0
686,0.6865,0.0,0.0,0.0,0.0,0.0,0.0,0.0,0.0
687,0.6875,0.0,0.0,0.0,0.0,0.0,0.0,0.0,0.0
688,0.6885,0.0,0.0,0.0,0.0,0.0,0.0,0.0,0.0
689,0.6895,0.0,0.0,0.0,0.0,0.0,0.0,0.0,0.0
690,0.6905,0.0,0.0,0.0,0.0,0.0,0.0,0.0,0.0
691,0.6915,0.0,0.0,0.0,0.0,0.0,0.0,0.0,0.0
692,0.6925,0.0,0.0,0.0,0.0,0.0,0.0,0.0,0.0
693,0.6935,0.0,0.0,0.0,0.0,0.0,0.0,0.0,0.0
694,0.6945,0.0,0.0,0.0,0.0,0.0,0.0,0.0,0.0
695,0.6955,0.0,0.0,0.0,0.0,0.0,0.0,0.0,0.0
696,0.6965,0.0,0.0,0.0,0.0,0.0,0.0,0.0,0.0
697,0.6975,0.0,0.0,0.0,0.0,0.0,0.0,0.0,0.0
698,0.6985,0.0,0.0,0.0,0.0,0.0,0.0,0.0,0.0
699,0.6995,0.0,0.0,0.0,0.0,0.0,0.0,0.0,0.0
700,0.7005,0.0,0.0,0.0,0.0,0.0,0.0,0.0,0.0
701,0.7015,0.0,0.0,0.0,0.0,0.0,0.0,0.0,0.0
702,0.7025,0.0,0.0,0.0,0.0,0.0,0.0,0.0,0.0
703,0.7035,0.0,0.0,0.0,0.0,0.0,0.0,0.0,0.0
704,0.7045,0.0,0.0,0.0,0.0,0.0,0.0,0.0,0.0
705,0.7055,0.0,0.0,0.0,0.0,0.0,0.0,0.0,0.0
706,0.7065,0.0,0.0,0.0,0.0,0.0,0.0,0.0,0.0
707,0.7075,0.0,0.0,0.0,0.0,0.0,0.0,0.0,0.0
708,0.7085,0.0,0.0,0.0,0.0,0.0,0.0,0.0,0.0
709,0.7095,0.0,0.0,0.0,0.0,0.0,0.0,0.0,0.0
710,0.7105,0.0,0.0,0.0,0.0,0.0,0.0,0.0,0.0
711,0.7115,0.0,0.0,0.0,0.0,0.0,0.0,0.0,0.0
712,0.7125,0.0,0.0,0.0,0.0,0.0,0.0,0.0,0.0
713,0.7135,0.0,0.0,0.0,0.0,0.0,0.0,0.0,0.0
714,0.7145,0.0,0.0,0.0,0.0,0.0,0.0,0.0,0.0
715,0.7155,0.0,0.0,0.0,0.0,0.0,0.0,0.0,0.0
716,0.7165,0.0,0.0,0.0,0.0,0.0,0.0,0.0,0.0
717,0.7175,0.0,0.0,0.0,0.0,0.0,0.0,0.0,0.0
718,0.7185,0.0,0.0,0.0,0.0,0.0,0.0,0.0,0.0
719,0.7195,0.0,0.0,0.0,0.0,0.0,0.0,0.0,0.0
720,0.7205,0.0,0.0,0.0,0.0,0.0,0.0,0.0,0.0
721,0.7215,0.0,0.0,0.0,0.0,0.0,0.0,0.0,0.0
722,0.7225,0.0,0.0,0.0,0.0,0.0,0.0,0.0,0.0
723,0.7235,0.0,0.0,0.0,0.0,0.0,0.0,0.0,0.0
724,0.7245,0.0,0.0,0.0,0.0,0.0,0.0,0.0,0.0
725,0.7255,0.0,0.0,0.0,0.0,0.0,0.0,0.0,0.0
726,0.7265,0.0,0.0,0.0,0.0,0.0,0.0,0.0,0.0
727,0.7275,0.0,0.0,0.0,0.0,0.0,0.0,0.0,0.0
728,0.7285,0.0,0.0,0.0,0.0,0.0,0.0,0.0,0.0
729,0.7295,0.0,0.0,0.0,0.0,0.0,0.0,0.0,0.0
730,0.7305,0.0,0.0,0.0,0.0,0.0,0.0,0.0,0.0
731,0.7315,0.0,0.0,0.0,0.0,0.0,0.0,0.0,0.0
732,0.7325,0.0,0.0,0.0,0.0,0.0,0.0,0.0,0.0
733,0.7335,0.0,0.0,0.0,0.0,0.0,0.0,0.0,0.0
734,0.7345,0.0,0.0,0.0,0.0,0.0,0.0,0.0,0.0
735,0.7355,0.0,0.0,0.0,0.0,0.0,0.0,0.0,0.0
736,0.7365,0.0,0.0,0.0,0.0,0.0,0.0,0.0,0.0
737,0.7375,0.0,0.0,0.0,0.0,0.0,0.0,0.0,0.0
738,0.7385,0.0,0.0,0.0,0.0,0.0,0.0,0.0,0.0
739,0.7395,0.0,0.0,0.0,0.0,0.0,0.0,0.0,0.0
740,0.7405,0.0,0.0,0.0,0.0,0.0,0.0,0.0,0.0
741,0.7415,0.0,0.0,0.0,0.0,0.0,0.0,0.0,0.0
742,0.7425,0.0,0.0,0.0,0.0,0.0,0.0,0.0,0.0
743,0.7435,0.0,0.0,0.0,0.0,0.0,0.0,0.0,0.0
744,0.7445,0.0,0.0,0.0,0.0,0.0,0.0,0.0,0.0
745,0.7455,0.0,0.0,0.0,0.0,0.0,0.0,0.0,0.0
746,0.7465,0.0,0.0,0.0,0.0,0.0,0.0,0.0,0.0
747,0.7475,0.0,0.0,0.0,0.0,0.0,0.0,0.0,0.0
748,0.7485,0.0,0.0,0.0,0.0,0.0,0.0,0.0,0.0
749,0.7495,0.0,0.0,0.0,0.0,0.0,0.0,0.0,0.0
750,0.7505,0.0,0.0,0.0,0.0,0.0,0.0,0.0,0.0
751,0.7515,0.0,0.0,0.0,0.0,0.0,0.0,0.0,0.0
752,0.7525,0.0,0.0,0.0,0.0,0.0,0.0,0.0,0.0
753,0.7535,0.0,0.0,0.0,0.0,0.0,0.0,0.0,0.0
754,0.7545,0.0,0.0,0.0,0.0,0.0,0.0,0.0,0.0
755,0.7555,0.0,0.0,0.0,0.0,0.0,0.0,0.0,0.0
756,0.7565,0.0,0.0,0.0,0.0,0.0,0.0,0.0,0.0
757,0.7575,0.0,0.0,0.0,0.0,0.0,0.0,0.0,0.0
758,0.7585,0.0,0.0,0.0,0.0,0.0,0.0,0.0,0.0
759,0.7595,0.0,0.0,0.0,0.0,0.0,0.0,0.0,0.0
760,0.7605,0.0,0.0,0.0,0.0,0.0,0.0,0.0,0.0
761,0.7615,0.0,0.0,0.0,0.0,0.0,0.0,0.0,0.0
762,0.7625,0.0,0.0,0.0,0.0,0.0,0.0,0.0,0.0
763,0.7635,0.0,0.0,0.0,0.0,0.0,0.0,0.0,0.0
764,0.7645,0.0,0.0,0.0,0.0,0.0,0.0,0.0,0.0
765,0.7655,0.0,0.0,0.0,0.0,0.0,0.0,0.0,0.0
766,0.7665,0.0,0.0,0.0,0.0,0.0,0.0,0.0,0.0
767,0.7675,0.0,0.0,0.0,0.0,0.0,0.0,0.0,0.0
768,0.7685,0.0,0.0,0.0,0.0,0.0,0.0,0.0,0.0
769,0.7695,0.0,0.0,0.0,0.0,0.0,0.0,0.0,0.0
770,0.7705,0.0,0.0,0.0,0.0,0.0,0.0,0.0,0.0
771,0.7715,0.0,0.0,0.0,0.0,0.0,0.0,0.0,0.0
772,0.7725,0.0,0.0,0.0,0.0,0.0,0.0,0.0,0.0
773,0.7735,0.0,0.0,0.0,0.0,0.0,0.0,0.0,0.0
774,0.7745,0.0,0.0,0.0,0.0,0.0,0.0,0.0,0.0
775,0.7755,0.0,0.0,0.0,0.0,0.0,0.0,0.0,0.0
776,0.7765,0.0,0.0,0.0,0.0,0.0,0.0,0.0,0.0
777,0.7775,0.0,0.0,0.0,0.0,0.0,0.0,0.0,0.0
778,0.7785,0.0,0.0,0.0,0.0,0.0,0.0,0.0,0.0
779,0.7795,0.0,0.0,0.0,0.0,0.0,0.0,0.0,0.0
780,0.7805,0.0,0.0,0.0,0.0,0.0,0.0,0.0,0.0
781,0.7815,0.0,0.0,0.0,0.0,0.0,0.0,0.0,0.0
782,0.7825,0.0,0.0,0.0,0.0,0.0,0.0,0.0,0.0
783,0.7835,0.0,0.0,0.0,0.0,0.0,0.0,0.0,0.0
784,0.7845,0.0,0.0,0.0,0.0,0.0,0.0,0.0,0.0
785,0.7855,0.0,0.0,0.0,0.0,0.0,0.0,0.0,0.0
786,0.7865,0.0,0.0,0.0,0.0,0.0,0.0,0.0,0.0
787,0.7875,0.0,0.0,0.0,0.0,0.0,0.0,0.0,0.0
788,0.7885,0.0,0.0,0.0,0.0,0.0,0.0,0.0,0.0
789,0.7895,0.0,0.0,0.0,0.0,0.0,0.0,0.0,0.0
790,0.7905,0.0,0.0,0.0,0.0,0.0,0.0,0.0,0.0
791,0.7915,0.0,0.0,0.0,0.0,0.0,0.0,0.0,0.0
792,0.7925,0.0,0.0,0.0,0.0,0.0,0.0,0.0,0.0
793,0.7935,0.0,0.0,0.0,0.0,0.0,0.0,0.0,0.0
794,0.7945,0.0,0.0,0.0,0.0,0.0,0.0,0.0,0.0
795,0.7955,0.0,0.0,0.0,0.0,0.0,0.0,0.0,0.0
796,0.7965,0.0,0.0,0.0,0.0,0.0,0.0,0.0,0.0
797,0.7975,0.0,0.0,0.0,0.0,0.0,0.0,0.0,0.0
798,0.7985,0.0,0.0,0.0,0.0,0.0,0.0,0.0,0.0
799,0.7995,0.0,0.0,0.0,0.0,0.0,0.0,0.0,0.0
800,0.8005,0.0,0.0,0.0,0.0,0.0,0.0,0.0,0.0
801,0.8015,0.0,0.0,0.0,0.0,0.0,0.0,0.0,0.0
802,0.8025,0.0,0.0,0.0,0.0,0.0,0.0,0.0,0.0
803,0.8035,0.0,0.0,0.0,0.0,0.0,0.0,0.0,0.0
804,0.8045,0.0,0.0,0.0,0.0,0.0,0.0,0.0,0.0
805,0.8055,0.0,0.0,0.0,0.0,0.0,0.0,0.0,0.0
806,0.8065,0.0,0.0,0.0,0.0,0.0,0.0,0.0,0.0
807,0.8075,0.0,0.0,0.0,0.0,0.0,0.0,0.0,0.0
808,0.8085,0.0,0.0,0.0,0.0,0.0,0.0,0.0,0.0
809,0.8095,0.0,0.0,0.0,0.0,0.0,0.0,0.0,0.0
810,0.8105,0.0,0.0,0.0,0.0,0.0,0.0,0.0,0.0
811,0.8115,0.0,0.0,0.0,0.0,0.0,0.0,0.0,0.0
812,0.8125,0.0,0.0,0.0,0.0,0.0,0.0,0.0,0.0
813,0.8135,0.0,0.0,0.0,0.0,0.0,0.0,0.0,0.0
814,0.8145,0.0,0.0,0.0,0.0,0.0,0.0,0.0,0.0
815,0.8155,0.0,0.0,0.0,0.0,0.0,0.0,0.0,0.0
816,0.8165,0.0,0.0,0.0,0.0,0.0,0.0,0.0,0.0
817,0.8175,0.0,0.0,0.0,0.0,0.0,0.0,0.0,0.0
818,0.8185,0.0,0.0,0.0,0.0,0.0,0.0,0.0,0.0
819,0.8195,0.0,0.0,0.0,0.0,0.0,0.0,0.0,0.0
820,0.8205,0.0,0.0,0.0,0.0,0.0,0.0,0.0,0.0
821,0.8215,0.0,0.0,0.0,0.0,0.0,0.0,0.0,0.0
822,0.8225,0.0,0.0,0.0,0.0,0.0,0.0,0.0,0.0
823,0.8235,0.0,0.0,0.0,0.0,0.0,0.0,0.0,0.0
824,0.8245,0.0,0.0,0.0,0.0,0.0,0.0,0.0,0.0
825,0.8255,0.0,0.0,0.0,0.0,0.0,0.0,0.0,0.0
826,0.8265,0.0,0.0,0.0,0.0,0.0,0.0,0.0,0.0
827,0.8275,0.0,0.0,0.0,0.0,0.0,0.0,0.0,0.0
828,0.8285,0.0,0.0,0.0,0.0,0.0,0.0,0.0,0.0
829,0.8295,0.0,0.0,0.0,0.0,0.0,0.0,0.0,0.0
830,0.8305,0.0,0.0,0.0,0.0,0.0,0.0,0.0,0.0
831,0.8315,0.0,0.0,0.0,0.0,0.0,0.0,0.0,0.0
832,0.8325,0.0,0.0,0.0,0.0,0.0,0.0,0.0,0.0
833,0.8335,0.0,0.0,0.0,0.0,0.0,0.0,0.0,0.0
834,0.8345,0.0,0.0,0.0,0.0,0.0,0.0,0.0,0.0
835,0.8355,0.0,0.0,0.0,0.0,0.0,0.0,0.0,0.0
836,0.8365,0.0,0.0,0.0,0.0,0.0,0.0,0.0,0.0
837,0.8375,0.0,0.0,0.0,0.0,0.0,0.0,0.0,0.0
838,0.8385,0.0,0.0,0.0,0.0,0.0,0.0,0.0,0.0
839,0.8395,0.0,0.0,0.0,0.0,0.0,0.0,0.0,0.0
840,0.8405,0.0,0.0,0.0,0.0,0.0,0.0,0.0,0.0
841,0.8415,0.0,0.0,0.0,0.0,0.0,0.0,0.0,0.0
842,0.8425,0.0,0.0,0.0,0.0,0.0,0.0,0.0,0.0
843,0.8435,0.0,0.0,0.0,0.0,0.0,0.0,0.0,0.0
844,0.8445,0.0,0.0,0.0,0.0,0.0,0.0,0.0,0.0
845,0.8455,0.0,0.0,0.0,0.0,0.0,0.0,0.0,0.0
846,0.8465,0.0,0.0,0.0,0.0,0.0,0.0,0.0,0.0
847,0.8475,0.0,0.0,0.0,0.0,0.0,0.0,0.0,0.0
848,0.8485,0.0,0.0,0.0,0.0,0.0,0.0,0.0,0.0
849,0.8495,0.0,0.0,0.0,0.0,0.0,0.0,0.0,0.0
850,0.8505,0.0,0.0,0.0,0.0,0.0,0.0,0.0,0.0
851,0.8515,0.0,0.0,0.0,0.0,0.0,0.0,0.0,0.0
852,0.8525,0.0,0.0,0.0,0.0,0.0,0.0,0.0,0.0
853,0.8535,0.0,0.0,0.0,0.0,0.0,0.0,0.0,0.0
854,0.8545,0.0,0.0,0.0,0.0,0.0,0.0,0.0,0.0
855,0.8555,0.0,0.0,0.0,0.0,0.0,0.0,0.0,0.0
856,0.8565,0.0,0.0,0.0,0.0,0.0,0.0,0.0,0.0
857,0.8575,0.0,0.0,0.0,0.0,0.0,0.0,0.0,0.0
858,0.8585,0.0,0.0,0.0,0.0,0.0,0.0,0.0,0.0
859,0.8595,0.0,0.0,0.0,0.0,0.0,0.0,0.0,0.0
860,0.8605,0.0,0.0,0.0,0.0,0.0,0.0,0.0,0.0
861,0.8615,0.0,0.0,0.0,0.0,0.0,0.0,0.0,0.0
862,0.8625,0.0,0.0,0.0,0.0,0.0,0.0,0.0,0.0
863,0.8635,0.0,0.0,0.0,0.0,0.0,0.0,0.0,0.0
864,0.8645,0.0,0.0,0.0,0.0,0.0,0.0,0.0,0.0
865,0.8655,0.0,0.0,0.0,0.0,0.0,0.0,0.0,0.0
866,0.8665,0.0,0.0,0.0,0.0,0.0,0.0,0.0,0.0
867,0.8675,0.0,0.0,0.0,0.0,0.0,0.0,0.0,0.0
868,0.8685,0.0,0.0,0.0,0.0,0.0,0.0,0.0,0.0
869,0.8695,0.0,0.0,0.0,0.0,0.0,0.0,0.0,0.0
870,0.8705,0.0,0.0,0.0,0.0,0.0,0.0,0.0,0.0
871,0.8715,0.0,0.0,0.0,0.0,0.0,0.0,0.0,0.0
872,0.8725,0.0,0.0,0.0,0.0,0.0,0.0,0.0,0.0
873,0.8735,0.0,0.0,0.0,0.0,0.0,0.0,0.0,0.0
874,0.8745,0.0,0.0,0.0,0.0,0.0,0.0,0.0,0.0
875,0.8755,0.0,0.0,0.0,0.0,0.0,0.0,0.0,0.0
876,0.8765,0.0,0.0,0.0,0.0,0.0,0.0,0.0,0.0
877,0.8775,0.0,0.0,0.0,0.0,0.0,0.0,0.0,0.0
878,0.8785,0.0,0.0,0.0,0.0,0.0,0.0,0.0,0.0
879,0.8795,0.0,0.0,0.0,0.0,0.0,0.0,0.0,0.0
880,0.8805,0.0,0.0,0.0,0.0,0.0,0.0,0.0,0.0
881,0.8815,0.0,0.0,0.0,0.0,0.0,0.0,0.0,0.0
882,0.8825,0.0,0.0,0.0,0.0,0.0,0.0,0.0,0.0
883,0.8835,0.0,0.0,0.0,0.0,0.0,0.0,0.0,0.0
884,0.8845,0.0,0.0,0.0,0.0,0.0,0.0,0.0,0.0
885,0.8855,0.0,0.0,0.0,0.0,0.0,0.0,0.0,0.0
886,0.8865,0.0,0.0,0.0,0.0,0.0,0.0,0.0,0.0
887,0.8875,0.0,0.0,0.0,0.0,0.0,0.0,0.0,0.0
888,0.8885,0.0,0.0,0.0,0.0,0.0,0.0,0.0,0.0
889,0.8895,0.0,0.0,0.0,0.0,0.0,0.0,0.0,0.0
890,0.8905,0.0,0.0,0.0,0.0,0.0,0.0,0.0,0.0
891,0.8915,0.0,0.0,0.0,0.0,0.0,0.0,0.0,0.0
892,0.8925,0.0,0.0,0.0,0.0,0.0,0.0,0.0,0.0
893,0.8935,0.0,0.0,0.0,0.0,0.0,0.0,0.0,0.0
894,0.8945,0.0,0.0,0.0,0.0,0.0,0.0,0.0,0.0
895,0.8955,0.0,0.0,0.0,0.0,0.0,0.0,0.0,0.0
896,0.8965,0.0,0.0,0.0,0.0,0.0,0.0,0.0,0.0
897,0.8975,0.0,0.0,0.0,0.0,0.0,0.0,0.0,0.0
898,0.8985,0.0,0.0,0.0,0.0,0.0,0.0,0.0,0.0
899,0.8995,0.0,0.0,0.0,0.0,0.0,0.0,0.0,0.0
900,0.9005,0.0,0.0,0.0,0.0,0.0,0.0,0.0,0.0
901,0.9015,0.0,0.0,0.0,0.0,0.0,0.0,0.0,0.0
902,0.9025,0.0,0.0,0.0,0.0,0.0,0.0,0.0,0.0
903,0.9035,0.0,0.0,0.0,0.0,0.0,0.0,0.0,0.0
904,0.9045,0.0,0.0,0.0,0.0,0.0,0.0,0.0,0.0
905,0.9055,0.0,0.0,0.0,0.0,0.0,0.0,0.0,0.0
906,0.9065,0.0,0.0,0.0,0.0,0.0,0.0,0.0,0.0
907,0.9075,0.0,0.0,0.0,0.0,0.0,0.0,0.0,0.0
908,0.9085,0.0,0.0,0.0,0.0,0.0,0.0,0.0,0.0
909,0.9095,0.0,0.0,0.0,0.0,0.0,0.0,0.0,0.0
910,0.9105,0.0,0.0,0.0,0.0,0.0,0.0,0.0,0.0
911,0.9115,0.0,0.0,0.0,0.0,0.0,0.0,0.0,0.0
912,0.9125,0.0,0.0,0.0,0.0,0.0,0.0,0.0,0.0
913,0.9135,0.0,0.0,0.0,0.0,0.0,0.0,0.0,0.0
914,0.9145,0.0,0.0,0.0,0.0,0.0,0.0,0.0,0.0
915,0.9155,0.0,0.0,0.0,0.0,0.0,0.0,0.0,0.0
916,0.9165,0.0,0.0,0.0,0.0,0.0,0.0,0.0,0.0
917,0.9175,0.0,0.0,0.0,0.0,0.0,0.0,0.0,0.0
918,0.9185,0.0,0.0,0.0,0.0,0.0,0.0,0.0,0.0
919,0.9195,0.0,0.0,0.0,0.0,0.0,0.0,0.0,0.0
920,0.9205,0.0,0.0,0.0,0.0,0.0,0.0,0.0,0.0
921,0.9215,0.0,0.0,0.0,0.0,0.0,0.0,0.0,0.0
922,0.9225,0.0,0.0,0.0,0.0,0.0,0.0,0.0,0.0
923,0.9235,0.0,0.0,0.0,0.0,0.0,0.0,0.0,0.0
924,0.9245,0.0,0.0,0.0,0.0,0.0,0.0,0.0,0.0
925,0.9255,0.0,0.0,0.0,0.0,0.0,0.0,0.0,0.0
926,0.9265,0.0,0.0,0.0,0.0,0.0,0.0,0.0,0.0
927,0.9275,0.0,0.0,0.0,0.0,0.0,0.0,0.0,0.0
928,0.9285,0.0,0.0,0.0,0.0,0.0,0.0,0.0,0.0
929,0.9295,0.0,0.0,0.0,0.0,0.0,0.0,0.0,0.0
930,0.9305,0.0,0.0,0.0,0.0,0.0,0.0,0.0,0.0
931,0.9315,0.0,0.0,0.0,0.0,0.0,0.0,0.0,0.0
932,0.9325,0.0,0.0,0.0,0.0,0.0,0.0,0.0,0.0
933,0.9335,0.0,0.0,0.0,0.0,0.0,0.0,0.0,0.0
934,0.9345,0.0,0.0,0.0,0.0,0.0,0.0,0.0,0.0
935,0.9355,0.0,0.0,0.0,0.0,0.0,0.0,0.0,0.0
936,0.9365,0.0,0.0,0.0,0.0,0.0,0.0,0.0,0.0
937,0.9375,0.0,0.0,0.0,0.0,0.0,0.0,0.0,0.0
938,0.9385,0.0,0.0,0.0,0.0,0.0,0.0,0.0,0.0
939,0.9395,0.0,0.0,0.0,0.0,0.0,0.0,0.0,0.0
940,0.9405,0.0,0.0,0.0,0.0,0.0,0.0,0.0,0.0
941,0.9415,0.0,0.0,0.0,0.0,0.0,0.0,0.0,0.0
942,0.9425,0.0,0.0,0.0,0.0,0.0,0.0,0.0,0.0
943,0.9435,0.0,0.0,0.0,0.0,0.0,0.0,0.0,0.0
944,0.9445,0.0,0.0,0.0,0.0,0.0,0.0,0.0,0.0
945,0.9455,0.0,0.0,0.0,0.0,0.0,0.0,0.0,0.0
946,0.9465,0.0,0.0,0.0,0.0,0.0,0.0,0.0,0.0
947,0.9475,0.0,0.0,0.0,0.0,0.0,0.0,0.0,0.0
948,0.9485,0.0,0.0,0.0,0.0,0.0,0.0,0.0,0.0
949,0.9495,0.0,0.0,0.0,0.0,0.0,0.0,0.0,0.0
950,0.9505,0.0,0.0,0.0,0.0,0.0,0.0,0.0,0.0
951,0.9515,0.0,0.0,0.0,0.0,0.0,0.0,0.0,0.0
952,0.9525,0.0,0.0,0.0,0.0,0.0,0.0,0.0,0.0
953,0.9535,0.0,0.0,0.0,0.0,0.0,0.0,0.0,0.0
954,0.9545,0.0,0.0,0.0,0.0,0.0,0.0,0.0,0.0
955,0.9555,0.0,0.0,0.0,0.0,0.0,0.0,0.0,0.0
956,0.9565,0.0,0.0,0.0,0.0,0.0,0.0,0.0,0.0
957,0.9575,0.0,0.0,0.0,0.0,0.0,0.0,0.0,0.0
958,0.9585,0.0,0.0,0.0,0.0,0.0,0.0,0.0,0.0
959,0.9595,0.0,0.0,0.0,0.0,0.0,0.0,0.0,0.0
960,0.9605,0.0,0.0,0.0,0.0,0.0,0.0,0.0,0.0
961,0.9615,0.0,0.0,0.0,0.0,0.0,0.0,0.0,0.0
962,0.9625,0.0,0.0,0.0,0.0,0.0,0.0,0.0,0.0
963,0.9635,0.0,0.0,0.0,0.0,0.0,0.0,0.0,0.0
964,0.9645,0.0,0.0,0.0,0.0,0.0,0.0,0.0,0.0
965,0.9655,0.0,0.0,0.0,0.0,0.0,0.0,0.0,0.0
966,0.9665,0.0,0.0,0.0,0.0,0.0,0.0,0.0,0.0
967,0.9675,0.0,0.0,0.0,0.0,0.0,0.0,0.0,0.0
968,0.9685,0.0,0.0,0.0,0.0,0.0,0.0,0.0,0.0
969,0.9695,0.0,0.0,0.0,0.0,0.0,0.0,0.0,0.0
970,0.9705,0.0,0.0,0.0,0.0,0.0,0.0,0.0,0.0
971,0.9715,0.0,0.0,0.0,0.0,0.0,0.0,0.0,0.0
972,0.9725,0.0,0.0,0.0,0.0,0.0,0.0,0.0,0.0
973,0.9735,0.0,0.0,0.0,0.0,0.0,0.0,0.0,0.0
974,0.9745,0.0,0.0,0.0,0.0,0.0,0.0,0.0,0.0
975,0.9755,0.0,0.0,0.0,0.0,0.0,0.0,0.0,0.0
976,0.9765,0.0,0.0,0.0,0.0,0.0,0.0,0.0,0.0
977,0.9775,0.0,0.0,0.0,0.0,0.0,0.0,0.0,0.0
978,0.9785,0.0,0.0,0.0,0.0,0.0,0.0,0.0,0.0
979,0.9795,0.0,0.0,0.0,0.0,0.0,0.0,0.0,0.0
980,0.9805,0.0,0.0,0.0,0.0,0.0,0.0,0.0,0.0
981,0.9815,0.0,0.0,0.0,0.0,0.0,0.0,0.0,0.0
982,0.9825,0.0,0.0,0.0,0.0,0.0,0.0,0.0,0.0
983,0.9835,0.0,0.0,0.0,0.0,0.0,0.0,0.0,0.0
984,0.9845,0.0,0.0,0.0,0.0,0.0,0.0,0.0,0.0
985,0.9855,0.0,0.0,0.0,0.0,0.0,0.0,0.0,0.0
986,0.9865,0.0,0.0,0.0,0.0,0.0,0.0,0.0,0.0
987,0.9875,0.0,0.0,0.0,0.0,0.0,0.0,0.0,0.0
988,0.9885,0.0,0.0,0.0,0.0,0.0,0.0,0.0,0.0
989,0.9895,0.0,0.0,0.0,0.0,0.0,0.0,0.0,0.0
990,0.9905,0.0,0.0,0.0,0.0,0.0,0.0,0.0,0.0
991,0.9915,0.0,0.0,0.0,0.0,0.0,0.0,0.0,0.0
992,0.9925,0.0,0.0,0.0,0.0,0.0,0.0,0.0,0.0
993,0.9935,0.0,0.0,0.0,0.0,0.0,0.0,0.0,0.0
994,0.9945,0.0,0.0,0.0,0.0,0.0,0.0,0.0,0.0
995,0.9955,0.0,0.0,0.0,0.0,0.0,0.0,0.0,0.0
996,0.9965,0.0,0.0,0.0,0.0,0.0,0.0,0.0,0.0
997,0.9975,0.0,0.0,0.0,0.0,0.0,0.0,0.0,0.0
998,0.9985,0.0,0.0,0.0,0.0,0.0,0.0,0.0,0.0
999,0.9995,0.0,0.0,0.0,0.0,0.0,0.0,0.0,0.0
