,0,1,2,3,4,5,6,7,8,9
0,0.0005,-0.25,-0.25,-0.25,-0.25,-0.25,-0.25,-0.25,-0.25,-0.25
1,0.0015,0.0,0.0,0.0,0.0,0.0,0.0,0.0,0.0,0.0
2,0.0025,0.0,0.0,0.0,0.0,0.0,0.0,0.0,0.0,0.0
3,0.0035,0.0,0.0,0.0,0.0,0.0,0.0,0.0,0.0,0.0
4,0.0045,0.0,0.0,0.0,0.0,0.0,0.0,0.0,0.0,0.0
5,0.0055,0.0,0.0,0.0,0.0,0.0,0.0,0.0,0.0,0.0
6,0.0065,0.0,0.0,0.0,0.0,0.0,0.0,0.0,0.0,0.0
7,0.0075,0.0,0.0,0.0,0.0,0.0,0.0,0.0,0.0,0.0
8,0.0085,0.0,0.0,0.0,0.0,0.0,0.0,0.0,0.0,0.0
9,0.0095,0.0,0.0,0.0,0.0,0.0,0.0,0.0,0.0,0.0
10,0.0105,0.0,0.0,0.0,0.0,0.0,0.0,0.0,0.0,0.0
11,0.0115,0.0,0.0,0.0,0.0,0.0,0.0,0.0,0.0,0.0
12,0.0125,0.0,0.0,0.0,0.0,0.0,0.0,0.0,0.0,0.0
13,0.0135,0.0,0.0,0.0,0.0,0.0,0.0,0.0,0.0,0.0
14,0.0145,0.0,0.0,0.0,0.0,0.0,0.0,0.0,0.0,0.0
15,0.0155,0.0,0.0,0.0,0.0,0.0,0.0,0.0,0.0,0.0
16,0.0165,0.0,0.0,0.0,0.0,0.0,0.0,0.0,0.0,0.0
17,0.0175,0.0,0.0,0.0,0.0,0.0,0.0,0.0,0.0,0.0
18,0.0185,0.0,0.0,0.0,0.0,0.0,0.0,0.0,0.0,0.0
19,0.0195,0.0,0.0,0.0,0.0,0.0,0.0,0.0,0.0,0.0
20,0.0205,0.0,0.0,0.0,0.0,0.0,0.0,0.0,0.0,0.0
21,0.0215,0.0,0.0,0.0,0.0,0.0,0.0,0.0,0.0,0.0
22,0.0225,0.0,0.0,0.0,0.0,0.0,0.0,0.0,0.0,0.0
23,0.0235,0.0,0.0,0.0,0.0,0.0,0.43724,0.395242,0.0,0.0
24,0.0245,-0.247448,-0.269584,-0.236305,-0.240792,-0.274053,-0.263898,-0.246587,-0.279987,-0.232805
25,0.0255,-0.248255,-0.248605,-0.249548,-0.248082,-0.248085,-0.251681,-0.251653,-0.249313,-0.24831
26,0.0265,-0.24935,-0.250231,-0.251181,-0.249879,-0.248988,-0.249102,-0.250409,-0.249808,-0.250194
27,0.0275,-0.249369,-0.249969,-0.250795,-0.249031,-0.248895,-0.249912,-0.2505,-0.249674,-0.250128
28,0.0285,-0.250085,-0.246049,-0.247998,-0.250612,-0.249911,-0.245912,-0.253194,-0.243351,-0.245687
29,0.0295,-0.249414,-0.0908919,-0.107953,-0.336631,-0.0215167,-0.233612,-0.41061,-0.304438,-0.339686
30,0.0305,0.0,0.0,0.0,0.0,0.0,0.0,0.0,0.0,0.0
31,0.0315,0.0,0.0,0.0,0.0,0.0,0.0,0.0,0.0,0.0
32,0.0325,0.0,0.0,0.0,0.0,0.0,0.0,0.0,0.0,0.0
33,0.0335,0.0,0.0,0.0,0.0,0.0,0.0,0.0,0.0,0.0
34,0.0345,0.0,0.0,0.0,0.0,0.0,0.0,0.0,0.0,0.0
35,0.0355,0.0,0.0,0.0,0.0,0.0,0.0,0.0,0.0,0.0
36,0.0365,0.0,0.0,0.0,0.0,0.0,0.0,0.0,0.0,0.0
37,0.0375,0.0,0.0,0.0,0.0,0.0,0.0,0.0,0.0,0.0
38,0.0385,0.0,0.0,0.0,0.0,0.0,0.0,0.0,0.0,0.0
39,0.0395,0.0,0.0,0.0,0.0,0.0,0.0,0.0,0.0,0.0
40,0.0405,0.0,0.0,0.0,0.0,0.0,0.0,0.0,0.0,0.0
41,0.0415,0.0,0.0,0.0,0.0,0.0,0.0,0.0,0.0,0.0
42,0.0425,0.0,0.0,0.0,0.0,0.0,0.0,0.0,0.0,0.0
43,0.0435,0.0,0.0,0.0,0.0,0.0,0.0,0.0,0.0,0.0
44,0.0445,0.0,0.0,0.0,0.0,0.0,0.0,0.0,0.0,0.0
45,0.0455,0.0,0.0,0.0,0.0,0.0,0.0,0.0,0.0,0.0
46,0.0465,0.0,0.0,0.0,0.0,0.0,0.0,0.0,0.0,0.0
47,0.0475,0.0,0.0,0.0,0.0,0.0,0.0,0.0,0.0,0.0
48,0.0485,0.0,0.0,0.0,0.0,0.0,0.0,0.0,0.0,0.0
49,0.0495,-0.40225,-0.105352,-0.25413,-0.113754,-0.404314,-0.120669,-0.224848,-0.129759,-0.121292
50,0.0505,-0.261413,-0.254168,-0.257252,-0.243821,-0.273467,-0.25568,-0.272752,-0.244206,-0.252628
51,0.0515,-0.246314,-0.252252,-0.250532,-0.248776,-0.248108,-0.245563,-0.252748,-0.25018,-0.252516
52,0.0525,-0.25078,-0.250604,-0.250218,-0.248868,-0.248096,-0.247431,-0.251885,-0.250433,-0.249435
53,0.0535,-0.25059,-0.249834,-0.249672,-0.249426,-0.247555,-0.247688,-0.251639,-0.251337,-0.250673
54,0.0545,-0.251057,-0.250768,-0.250912,-0.249818,-0.246957,-0.248673,-0.251308,-0.251434,-0.250956
55,0.0555,-0.251161,-0.256207,-0.252053,-0.249043,-0.249355,-0.254068,-0.25775,-0.253729,-0.254714
56,0.0565,-0.331002,-0.221289,-0.280456,-0.180764,-0.211762,-0.221361,-0.248277,-0.282467,-0.319655
57,0.0575,0.0,0.0,0.0,0.0,0.0,0.0,0.0,0.0,0.0
58,0.0585,0.0,0.0,0.0,0.0,0.0,0.0,0.0,0.0,0.0
59,0.0595,0.0,0.0,0.0,0.0,0.0,0.0,0.0,0.0,0.0
60,0.0605,0.0,0.0,0.0,0.0,0.0,0.0,0.0,0.0,0.0
61,0.0615,0.0,0.0,0.0,0.0,0.0,0.0,0.0,0.0,0.0
62,0.0625,0.0,0.0,0.0,0.0,0.0,0.0,0.0,0.0,0.0
63,0.0635,0.0,0.0,0.0,0.0,0.0,0.0,0.0,0.0,0.0
64,0.0645,0.0,0.0,0.0,0.0,0.0,0.0,0.0,0.0,0.0
65,0.0655,0.0,0.0,0.0,0.0,0.0,0.0,0.0,0.0,0.0
66,0.0665,0.0,0.0,0.0,0.0,0.0,0.0,0.0,0.0,0.0
67,0.0675,0.0,0.0,0.0,0.0,0.0,0.0,0.0,0.0,0.0
68,0.0685,0.0,0.0,0.0,0.0,0.0,0.0,0.0,0.0,0.0
69,0.0695,0.0,0.0,0.0,0.0,0.0,0.0,0.0,0.0,0.0
70,0.0705,0.0,0.0,0.0,0.0,0.0,0.0,0.0,0.0,0.0
71,0.0715,0.0,0.0,0.0,0.0,0.0,0.0,0.0,0.0,0.0
72,0.0725,0.0,0.0,0.0,0.0,0.0,0.0,0.0,0.0,0.0
73,0.0735,0.0,0.0,0.0,0.0,0.0,0.0,0.0,0.0,0.0
74,0.0745,0.0,0.0,0.0,0.0,0.0,0.0,0.0,0.0,0.0
75,0.0755,-0.347529,-0.127086,-0.0743211,-0.261103,-0.112019,-0.282315,-0.195854,-0.209807,-0.0961744
76,0.0765,-0.26369,-0.253113,-0.244714,-0.251426,-0.2278,-0.266464,-0.277949,-0.238694,-0.23052
77,0.0775,-0.244623,-0.24943,-0.251789,-0.245867,-0.241048,-0.253169,-0.251772,-0.249849,-0.249036
78,0.0785,-0.2515,-0.250014,-0.251682,-0.248931,-0.246114,-0.24812,-0.252247,-0.252037,-0.249743
79,0.0795,-0.2489,-0.250409,-0.251009,-0.249209,-0.247323,-0.247366,-0.252678,-0.250917,-0.249785
80,0.0805,-0.24964,-0.250285,-0.251436,-0.248912,-0.248081,-0.248368,-0.251213,-0.250193,-0.250814
81,0.0815,-0.249411,-0.249949,-0.250861,-0.24916,-0.245888,-0.248449,-0.251214,-0.251658,-0.250425
82,0.0825,-0.250164,-0.250419,-0.252613,-0.246763,-0.247658,-0.245593,-0.253185,-0.249006,-0.252396
83,0.0835,-0.245065,-0.254889,-0.259576,-0.253956,-0.241163,-0.254889,-0.269889,-0.248204,-0.266492
84,0.0845,-0.286708,-0.146658,-0.19897,-0.237194,-0.299936,-0.23539,-0.280918,-0.303995,-0.248607
85,0.0855,-0.229885,-0.226394,-0.263881,-0.257603,-0.235802,-0.236023,-0.276702,-0.277939,-0.274333
86,0.0865,-0.238593,-0.214406,-0.24111,-0.227351,-0.268209,-0.22844,-0.226415,-0.263238,-0.217894
87,0.0875,-0.263409,-0.248143,-0.215754,-0.265872,-0.267054,-0.25066,-0.248834,-0.216298,-0.26195
88,0.0885,-0.22399,-0.265012,-0.244178,-0.264526,-0.216261,-0.250806,-0.254577,-0.250124,-0.245226
89,0.0895,-0.264996,-0.244379,-0.253532,-0.249009,-0.242719,-0.232068,-0.246745,-0.257912,-0.241316
90,0.0905,-0.257132,-0.252471,-0.24993,-0.24389,-0.243116,-0.246738,-0.25784,-0.239209,-0.245467
91,0.0915,-0.258878,-0.257357,-0.251898,-0.249847,-0.248987,-0.258448,-0.256241,-0.221345,-0.256965
92,0.0925,-0.248619,-0.247187,-0.252896,-0.246722,-0.256426,-0.254785,-0.245007,-0.25727,-0.26564
93,0.0935,-0.240884,-0.25339,-0.246776,-0.245219,-0.250462,-0.257737,-0.254712,-0.245802,-0.251513
94,0.0945,-0.249689,-0.251097,-0.255517,-0.2473,-0.251296,-0.251648,-0.255592,-0.258951,-0.249546
95,0.0955,-0.265122,-0.241641,-0.251968,-0.248514,-0.251504,-0.253509,-0.246897,-0.249124,-0.253803
96,0.0965,-0.240485,-0.254673,-0.246884,-0.252335,-0.246983,-0.24498,-0.243404,-0.251084,-0.250067
97,0.0975,-0.249496,-0.241608,-0.246584,-0.252478,-0.262819,-0.249702,-0.249578,-0.251642,-0.26641
98,0.0985,-0.247074,-0.251063,-0.255179,-0.244462,-0.251213,-0.243421,-0.252164,-0.244851,-0.240372
99,0.0995,-0.24506,-0.261915,-0.244608,-0.248297,-0.242953,-0.264032,-0.251276,-0.257261,-0.249033
100,0.1005,-0.245386,-0.250955,-0.246866,-0.273877,-0.25285,-0.256362,-0.250443,-0.258653,-0.249896
101,0.1015,-0.261714,-0.265372,-0.25552,-0.262572,-0.259283,-0.262093,-0.254695,-0.255894,-0.24997
102,0.1025,-0.267911,-0.245595,-0.250092,-0.244974,-0.253391,-0.248946,-0.257872,-0.256485,-0.249952
103,0.1035,-0.238586,-0.253039,-0.253947,-0.258623,-0.265076,-0.260222,-0.253698,-0.251861,-0.246144
104,0.1045,-0.246088,-0.266969,-0.245595,-0.248234,-0.271925,-0.237778,-0.268002,-0.242198,-0.253596
105,0.1055,-0.244849,-0.251584,-0.249001,-0.254885,-0.253351,-0.266335,-0.23942,-0.255472,-0.238666
106,0.1065,-0.249377,-0.248219,-0.254358,-0.242351,-0.24227,-0.245133,-0.244541,-0.250288,-0.25671
107,0.1075,-0.249103,-0.253723,-0.256618,-0.246909,-0.254063,-0.246201,-0.252239,-0.266504,-0.266518
108,0.1085,-0.255069,-0.259436,-0.249286,-0.257776,-0.244554,-0.257454,-0.253872,-0.25018,-0.254234
109,0.1095,-0.258773,-0.247511,-0.251724,-0.251814,-0.24837,-0.248833,-0.258968,-0.243519,-0.256373
110,0.1105,-0.252072,-0.253857,-0.246331,-0.258204,-0.253859,-0.251403,-0.247937,-0.252378,-0.242326
111,0.1115,-0.247035,-0.246964,-0.245679,-0.251078,-0.249795,-0.248035,-0.248284,-0.247955,-0.248251
112,0.1125,-0.24261,-0.247273,-0.249517,-0.246673,-0.24964,-0.250609,-0.251732,-0.245439,-0.24688
113,0.1135,-0.249501,-0.250479,-0.245307,-0.245134,-0.249875,-0.244328,-0.246436,-0.247503,-0.25081
114,0.1145,-0.242561,-0.247628,-0.247102,-0.2489,-0.251637,-0.249582,-0.24652,-0.252189,-0.247124
115,0.1155,-0.244515,-0.246104,-0.244048,-0.246544,-0.248116,-0.238351,-0.244272,-0.245315,-0.245691
116,0.1165,-0.243271,-0.243069,-0.247598,-0.248397,-0.249672,-0.244435,-0.241386,-0.241172,-0.24729
117,0.1175,-0.243375,-0.245976,-0.2464,-0.243488,-0.245884,-0.242775,-0.245333,-0.244138,-0.248427
118,0.1185,-0.247766,-0.242641,-0.243495,-0.245721,-0.249455,-0.242918,-0.243236,-0.242771,-0.244808
119,0.1195,-0.238975,-0.239141,-0.238831,-0.24129,-0.242501,-0.245029,-0.242717,-0.244857,-0.244741
120,0.1205,-0.240773,-0.239187,-0.242325,-0.24186,-0.239228,-0.241726,-0.240279,-0.238418,-0.243008
121,0.1215,-0.236235,-0.239511,-0.238995,-0.240691,-0.244002,-0.240533,-0.242379,-0.240869,-0.241508
122,0.1225,-0.237962,-0.233306,-0.238704,-0.237989,-0.23965,-0.236111,-0.238922,-0.24056,-0.237489
123,0.1235,-0.237843,-0.235079,-0.235734,-0.236357,-0.238405,-0.23492,-0.237967,-0.238719,-0.235818
124,0.1245,-0.236175,-0.234537,-0.238499,-0.233155,-0.236647,-0.238011,-0.234213,-0.233859,-0.237198
125,0.1255,-0.236461,-0.236166,-0.236699,-0.233693,-0.233661,-0.236578,-0.232974,-0.234232,-0.231922
126,0.1265,-0.229777,-0.232725,-0.233215,-0.235373,-0.236546,-0.231257,-0.228912,-0.232142,-0.23005
127,0.1275,-0.232512,-0.230963,-0.234874,-0.228251,-0.229814,-0.229282,-0.228002,-0.227792,-0.229481
128,0.1285,-0.227546,-0.226666,-0.231015,-0.230546,-0.232112,-0.230148,-0.226433,-0.231269,-0.228342
129,0.1295,-0.223642,-0.225098,-0.222219,-0.222601,-0.230513,-0.222953,-0.226278,-0.221774,-0.230935
130,0.1305,-0.222719,-0.218427,-0.225625,-0.221416,-0.224331,-0.227468,-0.223716,-0.223613,-0.225045
131,0.1315,-0.221228,-0.219139,-0.221156,-0.220994,-0.223271,-0.22145,-0.224061,-0.219037,-0.221101
132,0.1325,-0.221154,-0.21934,-0.220227,-0.218738,-0.217237,-0.216239,-0.221109,-0.221709,-0.218729
133,0.1335,-0.216581,-0.209732,-0.224854,-0.211484,-0.214236,-0.216763,-0.216392,-0.224986,-0.215985
134,0.1345,-0.218107,-0.209128,-0.214914,-0.209224,-0.214101,-0.212645,-0.211634,-0.212963,-0.212457
135,0.1355,-0.213146,-0.207334,-0.206499,-0.21241,-0.211168,-0.208399,-0.207722,-0.209769,-0.212462
136,0.1365,-0.205325,-0.203778,-0.209026,-0.203915,-0.206683,-0.207879,-0.208018,-0.206559,-0.20364
137,0.1375,-0.200793,-0.201037,-0.204724,-0.201245,-0.206557,-0.200119,-0.202834,-0.203269,-0.208029
138,0.1385,-0.20153,-0.199229,-0.203275,-0.19962,-0.201367,-0.200761,-0.199213,-0.199231,-0.198632
139,0.1395,-0.191463,-0.194314,-0.195674,-0.201713,-0.199928,-0.196268,-0.197163,-0.195477,-0.200489
140,0.1405,-0.191537,-0.191308,-0.193281,-0.191925,-0.191684,-0.192434,-0.186743,-0.196342,-0.193047
141,0.1415,-0.180618,-0.187546,-0.180883,-0.187553,-0.185206,-0.188113,-0.190688,-0.190259,-0.190224
142,0.1425,-0.18093,-0.177302,-0.18517,-0.18478,-0.179649,-0.179425,-0.184921,-0.181477,-0.18994
143,0.1435,-0.175145,-0.17889,-0.172644,-0.178478,-0.179584,-0.179836,-0.171678,-0.174338,-0.171799
144,0.1445,-0.166694,-0.168637,-0.174533,-0.180795,-0.174137,-0.168429,-0.176118,-0.175362,-0.170773
145,0.1455,-0.173768,-0.162742,-0.16133,-0.16284,-0.169651,-0.164685,-0.160855,-0.162122,-0.16813
146,0.1465,-0.163244,-0.157052,-0.154262,-0.159029,-0.161343,-0.160335,-0.155384,-0.157692,-0.160489
147,0.1475,-0.151352,-0.151672,-0.150615,-0.148151,-0.155219,-0.150244,-0.15384,-0.154594,-0.153179
148,0.1485,-0.149191,-0.138692,-0.143137,-0.145055,-0.147975,-0.145488,-0.141643,-0.138593,-0.143318
149,0.1495,-0.128644,-0.136489,-0.136335,-0.142279,-0.136336,-0.13263,-0.131143,-0.133926,-0.135388
150,0.1505,-0.132452,-0.127013,-0.125476,-0.121675,-0.123675,-0.12947,-0.126185,-0.129777,-0.124748
151,0.1515,-0.116512,-0.112839,-0.117777,-0.120786,-0.113214,-0.120086,-0.117507,-0.114425,-0.119377
152,0.1525,-0.107706,-0.105353,-0.111144,-0.108861,-0.107876,-0.109762,-0.106065,-0.104348,-0.104744
153,0.1535,-0.101908,-0.0969684,-0.0952033,-0.103182,-0.0974857,-0.0990931,-0.0979299,-0.101486,-0.0943256
154,0.1545,-0.0832862,-0.0916545,-0.0877268,-0.0925457,-0.084835,-0.0860072,-0.0916536,-0.0866347,-0.087271
155,0.1555,-0.0772646,-0.0821375,-0.0782721,-0.0869227,-0.0834529,-0.0755876,-0.0804008,-0.0768847,-0.0797747
156,0.1565,-0.0685736,-0.0730891,-0.0704163,-0.0704864,-0.0696447,-0.071434,-0.0701457,-0.0722482,-0.0729373
157,0.1575,-0.0627398,-0.0634002,-0.0608774,-0.0636568,-0.0621722,-0.0647289,-0.061756,-0.0618013,-0.0628766
158,0.1585,-0.0580465,-0.0531069,-0.0532831,-0.0508388,-0.0494332,-0.0485274,-0.0500589,-0.057491,-0.0564629
159,0.1595,-0.0434538,-0.0459252,-0.0433794,-0.0439202,-0.0377832,-0.0402172,-0.0461958,-0.0474744,-0.0414966
160,0.1605,-0.0367038,-0.035493,-0.0349771,-0.0370763,-0.0356577,-0.0328227,-0.043043,-0.0372258,-0.0358055
161,0.1615,-0.0275156,-0.0324534,-0.0256028,-0.0301609,-0.0272349,-0.030756,-0.0254911,-0.0323895,-0.0309161
162,0.1625,-0.0247371,-0.0146861,-0.0211886,-0.0188235,-0.0164556,-0.0222689,-0.0186154,-0.0166794,-0.0206882
163,0.1635,-0.0105325,-0.0111707,-0.00805601,-0.00872541,-0.00958638,-0.0112149,-0.00860532,-0.0102679,-0.00237036
164,0.1645,-0.00580377,-0.00875779,-0.00128665,-0.00192759,-0.000395905,-0.00180671,-0.00226498,-0.00451496,-0.00469996
165,0.1655,0.00622943,0.00584147,0.00370017,0.00634266,0.00642429,0.0105261,0.00623282,0.00975177,0.00429276
166,0.1665,0.0112372,0.0103096,0.016493,0.0101674,0.0160882,0.0114388,0.0129687,0.0195629,0.0191549
167,0.1675,0.0227482,0.0179503,0.0239006,0.0245726,0.0239548,0.0233846,0.025664,0.0253133,0.0205714
168,0.1685,0.0326911,0.024987,0.0353533,0.0303629,0.0304221,0.026954,0.0309729,0.0333462,0.0305876
169,0.1695,0.035538,0.0400975,0.036359,0.0398792,0.0433289,0.0394929,0.041536,0.0361163,0.0405304
170,0.1705,0.047608,0.051169,0.0478662,0.0493264,0.0461556,0.0406467,0.0487678,0.0437816,0.0547531
171,0.1715,0.0602335,0.0530629,0.0566012,0.059415,0.0613284,0.0572442,0.0585677,0.0550348,0.0577712
172,0.1725,0.0654516,0.063385,0.0656307,0.0726685,0.0754015,0.0695162,0.0702228,0.0659659,0.0680992
173,0.1735,0.0755051,0.075324,0.0827974,0.0748157,0.0807297,0.0715858,0.0735937,0.0777101,0.0729772
174,0.1745,0.0857276,0.0761203,0.0917938,0.0838467,0.092742,0.0899399,0.0902324,0.0875101,0.0878465
175,0.1755,0.100666,0.089331,0.0992595,0.0986061,0.0976724,0.0983683,0.0992162,0.0978004,0.0975541
176,0.1765,0.106887,0.105475,0.110759,0.10617,0.114371,0.105969,0.108307,0.101175,0.106536
177,0.1775,0.121392,0.109917,0.112903,0.112628,0.11789,0.106502,0.114646,0.11564,0.119324
178,0.1785,0.121858,0.117815,0.130138,0.123825,0.126729,0.131144,0.125334,0.126761,0.126513
179,0.1795,0.132267,0.133114,0.13425,0.136806,0.135733,0.13558,0.139007,0.133403,0.13796
180,0.1805,0.14239,0.143018,0.141951,0.14436,0.150839,0.139094,0.139623,0.140926,0.144896
181,0.1815,0.155415,0.144299,0.156302,0.158595,0.151275,0.154091,0.152661,0.14692,0.152489
182,0.1825,0.157026,0.152202,0.16587,0.15868,0.164181,0.151009,0.16404,0.162456,0.158623
183,0.1835,0.163735,0.164398,0.16352,0.165458,0.166163,0.169666,0.166333,0.168567,0.170076
184,0.1845,0.173511,0.171635,0.171887,0.171466,0.174329,0.168057,0.175249,0.174406,0.173898
185,0.1855,0.176144,0.179474,0.176946,0.178036,0.183341,0.182083,0.180206,0.181786,0.176418
186,0.1865,0.184327,0.180755,0.18256,0.18828,0.182427,0.18071,0.183488,0.181995,0.185884
187,0.1875,0.195407,0.186899,0.190676,0.191481,0.184798,0.191529,0.189049,0.188494,0.192129
188,0.1885,0.19639,0.196073,0.195311,0.191656,0.186862,0.191354,0.196042,0.190471,0.19201
189,0.1895,0.196657,0.19577,0.205122,0.197537,0.209686,0.195625,0.194292,0.20076,0.196658
190,0.1905,0.202564,0.196854,0.208609,0.204715,0.203324,0.195527,0.201863,0.201433,0.205395
191,0.1915,0.205949,0.205198,0.207415,0.201661,0.210253,0.20616,0.20462,0.208451,0.207197
192,0.1925,0.212637,0.206809,0.207753,0.207092,0.209527,0.208542,0.210197,0.205289,0.212849
193,0.1935,0.207794,0.207194,0.211214,0.215049,0.214563,0.211395,0.207087,0.211389,0.213838
194,0.1945,0.217495,0.216782,0.21653,0.216644,0.213908,0.220136,0.219106,0.21291,0.219801
195,0.1955,0.21377,0.218748,0.215385,0.219377,0.221527,0.220454,0.220232,0.220065,0.21952
196,0.1965,0.224064,0.220591,0.218567,0.219075,0.222495,0.225726,0.219962,0.218276,0.225246
197,0.1975,0.223864,0.224939,0.22271,0.224922,0.223757,0.222027,0.222366,0.221787,0.224186
198,0.1985,0.227705,0.225373,0.231158,0.229802,0.226706,0.223597,0.224417,0.224246,0.228581
199,0.1995,0.226012,0.227801,0.228271,0.228009,0.23059,0.228165,0.23035,0.229586,0.225236
200,0.2005,0.23119,0.230133,0.228528,0.229186,0.228965,0.229844,0.234593,0.228237,0.231106
201,0.2015,0.234254,0.229334,0.234445,0.232458,0.234498,0.232011,0.230901,0.23613,0.2332
202,0.2025,0.236668,0.237249,0.235107,0.23703,0.236729,0.236887,0.232073,0.231387,0.236684
203,0.2035,0.23265,0.236673,0.237311,0.235205,0.235236,0.233722,0.233642,0.232292,0.236558
204,0.2045,0.237676,0.235143,0.239179,0.231859,0.236824,0.239237,0.238398,0.237,0.231969
205,0.2055,0.241246,0.240523,0.241022,0.239674,0.240137,0.244578,0.240041,0.235874,0.236799
206,0.2065,0.240229,0.240761,0.239189,0.240073,0.240134,0.240403,0.239077,0.238531,0.240403
207,0.2075,0.236453,0.241015,0.246309,0.243496,0.237418,0.243495,0.247129,0.241879,0.244872
208,0.2085,0.244479,0.239181,0.244797,0.241421,0.23997,0.241357,0.241212,0.2406,0.240904
209,0.2095,0.244866,0.244359,0.243612,0.243562,0.246729,0.247367,0.242057,0.247416,0.242348
210,0.2105,0.243083,0.240196,0.241331,0.248217,0.243878,0.246291,0.239655,0.24572,0.243817
211,0.2115,0.248201,0.244175,0.243519,0.24773,0.247471,0.251204,0.244978,0.242429,0.244295
212,0.2125,0.246809,0.248943,0.246346,0.249432,0.249082,0.245731,0.245597,0.24682,0.241534
213,0.2135,0.24909,0.247857,0.247978,0.251683,0.248315,0.246051,0.245255,0.244482,0.246308
214,0.2145,0.248304,0.250815,0.248393,0.245418,0.246656,0.244038,0.244949,0.246257,0.249829
215,0.2155,0.252956,0.249598,0.24389,0.24999,0.250857,0.248425,0.252735,0.251034,0.250791
216,0.2165,0.250334,0.248279,0.249154,0.250122,0.252021,0.248547,0.252571,0.249697,0.250961
217,0.2175,0.245369,0.246969,0.243859,0.245798,0.250973,0.248085,0.249518,0.245923,0.248145
218,0.2185,0.247143,0.248071,0.25208,0.254977,0.253068,0.250371,0.253091,0.249694,0.255348
219,0.2195,0.248611,0.250339,0.243387,0.250153,0.251452,0.244745,0.25391,0.247633,0.253592
220,0.2205,0.249709,0.246457,0.25223,0.250177,0.264347,0.25084,0.253823,0.254921,0.252161
221,0.2215,0.249648,0.251052,0.249151,0.252075,0.259666,0.248783,0.24675,0.24901,0.25875
222,0.2225,0.273336,0.233329,0.2546,0.260446,0.242649,0.260325,0.270426,0.242588,0.254507
223,0.2235,0.272764,0.253527,0.252403,0.262589,0.246357,0.251882,0.25163,0.257156,0.26053
224,0.2245,0.249018,0.250932,0.242609,0.260392,0.266932,0.271699,0.250521,0.230917,0.263113
225,0.2255,0.250744,0.227474,0.269829,0.253352,0.256912,0.241713,0.245791,0.254731,0.226133
226,0.2265,0.25859,0.237133,0.250554,0.228971,0.271729,0.230431,0.244071,0.254889,0.261794
227,0.2275,0.237615,0.248799,0.264722,0.260569,0.253857,0.267464,0.256184,0.265843,0.255917
228,0.2285,0.250525,0.248268,0.230528,0.238663,0.250553,0.240729,0.262922,0.246324,0.240262
229,0.2295,0.259418,0.239937,0.249988,0.242232,0.237542,0.260734,0.264187,0.245695,0.255519
230,0.2305,0.246911,0.251022,0.249686,0.256564,0.249001,0.250879,0.251848,0.24433,0.247044
231,0.2315,0.253186,0.24654,0.251165,0.254109,0.241929,0.253435,0.255936,0.25266,0.24866
232,0.2325,0.246365,0.259992,0.249106,0.251265,0.258152,0.251731,0.255896,0.260773,0.259647
233,0.2335,0.254181,0.250002,0.257634,0.248508,0.25045,0.248205,0.249569,0.256465,0.251377
234,0.2345,0.246918,0.243031,0.243555,0.253837,0.25614,0.25083,0.266312,0.256434,0.253838
235,0.2355,0.249932,0.249717,0.25151,0.257837,0.243303,0.251646,0.240566,0.252321,0.248969
236,0.2365,0.242805,0.235704,0.26729,0.263297,0.250634,0.257369,0.247222,0.239173,0.256318
237,0.2375,0.244729,0.263166,0.250998,0.257652,0.246629,0.224619,0.241301,0.246759,0.240479
238,0.2385,0.259686,0.258226,0.243233,0.247315,0.259897,0.251572,0.228674,0.270687,0.237033
239,0.2395,0.245812,0.268543,0.245979,0.243966,0.243476,0.26367,0.236402,0.235409,0.247715
240,0.2405,0.227755,0.246236,0.243449,0.261884,0.256003,0.236578,0.239008,0.224679,0.257771
241,0.2415,0.24389,0.259636,0.222462,0.23189,0.228353,0.224598,0.266962,0.267881,0.22643
242,0.2425,0.280338,0.237013,0.219867,0.230468,0.265505,0.262939,0.238394,0.274104,0.213737
243,0.2435,0.288555,0.280373,0.236376,0.248492,0.261317,0.252513,0.233874,0.272726,0.237461
244,0.2445,0.25121,0.251957,0.241182,0.253892,0.23509,0.249465,0.23986,0.245233,0.253726
245,0.2455,0.247311,0.250197,0.246735,0.249422,0.245315,0.248157,0.249871,0.253236,0.250914
246,0.2465,0.251442,0.248305,0.248864,0.250237,0.247184,0.249649,0.24788,0.253158,0.249435
247,0.2475,0.250864,0.24856,0.248726,0.251385,0.247729,0.250523,0.247918,0.251867,0.250341
248,0.2485,0.251043,0.25103,0.249036,0.250152,0.247933,0.249427,0.247447,0.254245,0.250557
249,0.2495,0.252086,0.250042,0.247873,0.249208,0.247341,0.248744,0.246735,0.254606,0.250411
250,0.2505,0.250884,0.249216,0.247131,0.25231,0.248795,0.247992,0.24807,0.2549,0.2512
251,0.2515,0.250829,0.251614,0.24553,0.251675,0.24511,0.24783,0.244368,0.252848,0.253629
252,0.2525,0.25224,0.250826,0.245768,0.254462,0.241366,0.251537,0.24012,0.24936,0.261202
253,0.2535,0.24726,0.236871,0.254434,0.238845,0.254412,0.226362,0.244513,0.242494,0.239871
254,0.2545,0.228884,0.325134,0.212481,0.234188,0.287206,0.197483,0.279963,0.285639,0.327152
255,0.2555,0.212565,0.0868019,0.218889,-0.00696481,0.353164,0.549861,0.541034,0.46228,0.485158
256,0.2565,0.0,0.0,0.0,0.0,0.212153,0.0,0.627346,0.0,0.0
257,0.2575,0.0,0.0,0.0,0.0,0.0,0.0,0.0,0.0,0.0
258,0.2585,0.0,0.0,0.0,0.0,0.0,0.0,0.0,0.0,0.0
259,0.2595,0.0,0.0,0.0,0.0,0.0,0.0,0.0,0.0,0.0
260,0.2605,0.0,0.0,0.0,0.0,0.0,0.0,0.0,0.0,0.0
261,0.2615,0.0,0.0,0.0,0.0,0.0,0.0,0.0,0.0,0.0
262,0.2625,0.0,0.0,0.0,0.0,0.0,0.0,0.0,0.0,0.0
263,0.2635,0.0,0.0,0.0,0.0,0.0,0.0,0.0,0.0,0.0
264,0.2645,0.0,0.0,0.0,0.0,0.0,0.0,0.0,0.0,0.0
265,0.2655,0.0,0.0,0.0,0.0,0.0,0.0,0.0,0.0,0.0
266,0.2665,0.0,0.0,0.0,0.0,0.0,0.0,0.0,0.0,0.0
267,0.2675,0.0,0.0,0.0,0.0,0.0,0.0,0.0,0.0,0.0
268,0.2685,0.0,0.0,0.0,0.0,0.0,0.0,-0.197691,0.0,0.0
269,0.2695,0.0,0.0,0.237958,-0.789029,0.591175,1.20685,0.271723,0.0,0.282792
270,0.2705,0.226731,0.210284,0.250178,0.226976,0.252638,0.242938,0.24273,0.237663,0.246826
271,0.2715,0.255529,0.258525,0.231852,0.256811,0.236431,0.238617,0.247016,0.254737,0.252508
272,0.2725,0.250053,0.249113,0.247395,0.249028,0.246066,0.252207,0.246099,0.255184,0.253169
273,0.2735,0.248615,0.246984,0.248072,0.249139,0.247789,0.250656,0.246628,0.251741,0.251884
274,0.2745,0.250347,0.248696,0.249183,0.251172,0.248012,0.249764,0.24868,0.251745,0.250388
275,0.2755,0.250467,0.250868,0.247943,0.250395,0.249061,0.249478,0.248005,0.252877,0.250508
276,0.2765,0.250369,0.249692,0.249049,0.251281,0.249013,0.249035,0.248604,0.253416,0.249781
277,0.2775,0.250434,0.250269,0.249056,0.250772,0.248,0.249947,0.248997,0.254686,0.25098
278,0.2785,0.252836,0.250225,0.244677,0.248761,0.251299,0.249498,0.243924,0.252872,0.254123
279,0.2795,0.251554,0.239518,0.238521,0.249422,0.261284,0.244092,0.250126,0.246152,0.264145
280,0.2805,0.252797,0.247305,0.290882,0.276026,0.239898,0.278293,0.223505,0.296865,0.303677
281,0.2815,-0.170284,-0.289552,0.0117985,0.287046,0.122012,0.218921,0.197006,0.0767889,-0.0560755
282,0.2825,0.0,0.0,0.0,0.0,0.0,0.0,2.06013,0.0,0.0
283,0.2835,0.0,0.0,0.0,0.0,0.0,0.0,0.0,0.0,0.0
284,0.2845,0.0,0.0,0.0,0.0,0.0,0.0,0.0,0.0,0.0
285,0.2855,0.0,0.0,0.0,0.0,0.0,0.0,0.0,0.0,0.0
286,0.2865,0.0,0.0,0.0,0.0,0.0,0.0,0.0,0.0,0.0
287,0.2875,0.0,0.0,0.0,0.0,0.0,0.0,0.0,0.0,0.0
288,0.2885,0.0,0.0,0.0,0.0,0.0,0.0,0.0,0.0,0.0
289,0.2895,0.0,0.0,0.0,0.0,0.0,0.0,0.0,0.0,0.0
290,0.2905,0.0,0.0,0.0,0.0,0.0,0.0,0.0,0.0,0.0
291,0.2915,0.0,0.0,0.0,0.0,0.0,0.0,0.0,0.0,0.0
292,0.2925,0.0,0.0,0.0,0.0,0.0,0.0,0.0,0.0,0.0
293,0.2935,0.0,0.0,0.0,0.0,0.0,0.0,0.0,0.0,0.0
294,0.2945,0.0,0.0,0.0,0.0,0.0,0.0,0.0,0.0,0.0
295,0.2955,0.0,0.0,0.0,0.0,0.0,0.0,0.2063,0.0,0.0
296,0.2965,0.0,0.0,0.34481,0.0,0.0,0.0,0.268476,0.0,-0.103897
297,0.2975,0.251234,0.196047,0.265942,0.145912,0.204089,0.313691,0.245332,0.40353,0.210324
298,0.2985,0.248508,0.247864,0.244241,0.261317,0.254527,0.253678,0.24434,0.231105,0.249209
299,0.2995,0.247464,0.250676,0.249132,0.249685,0.247046,0.248431,0.248935,0.252462,0.250151
300,0.3005,0.250784,0.249193,0.250629,0.249967,0.24845,0.250098,0.248322,0.25224,0.24949
301,0.3015,0.251239,0.250615,0.249093,0.249011,0.248525,0.250039,0.249283,0.251734,0.250275
302,0.3025,0.250403,0.250177,0.249816,0.250856,0.248762,0.249985,0.248699,0.251491,0.250471
303,0.3035,0.250696,0.248924,0.248608,0.250247,0.248395,0.247866,0.248994,0.252628,0.250756
304,0.3045,0.249767,0.25032,0.247435,0.249254,0.247023,0.248587,0.251347,0.251092,0.249774
305,0.3055,0.253901,0.246536,0.248846,0.251844,0.245522,0.253786,0.241965,0.245854,0.2628
306,0.3065,0.24629,0.243829,0.249371,0.256203,0.226934,0.204516,0.207284,0.290471,0.272906
307,0.3075,0.0,0.520854,0.350628,0.399879,0.347416,0.449138,0.263827,0.349573,0.55299
308,0.3085,0.0,0.0,0.0,0.0,0.0,0.0,0.0,0.0,0.0
309,0.3095,0.0,0.0,0.0,0.0,0.0,0.0,0.0,0.0,0.0
310,0.3105,0.0,0.0,0.0,0.0,0.0,0.0,0.0,0.0,0.0
311,0.3115,0.0,0.0,0.0,0.0,0.0,0.0,0.0,0.0,0.0
312,0.3125,0.0,0.0,0.0,0.0,0.0,0.0,0.0,0.0,0.0
313,0.3135,0.0,0.0,0.0,0.0,0.0,0.0,0.0,0.0,0.0
314,0.3145,0.0,0.0,0.0,0.0,0.0,0.0,0.0,0.0,0.0
315,0.3155,0.0,0.0,0.0,0.0,0.0,0.0,0.0,0.0,0.0
316,0.3165,0.0,0.0,0.0,0.0,0.0,0.0,0.0,0.0,0.0
317,0.3175,0.0,0.0,0.0,0.0,0.0,0.0,0.0,0.0,0.0
318,0.3185,0.0,0.0,0.0,0.0,0.0,0.0,0.0,0.0,0.0
319,0.3195,0.0,0.0,0.0,0.0,0.0,0.0,0.0,0.0,0.0
320,0.3205,0.0,0.0,0.0,0.0,0.0,0.0,0.0,0.0,0.0
321,0.3215,0.0,0.0,0.0,0.0,0.0,0.0,0.0,0.0,0.0
322,0.3225,0.0,0.0,0.0,0.0,0.0,0.0,0.0,0.0,0.0
323,0.3235,0.0,0.0,0.0,0.0,0.0,0.0,0.0,0.0,0.0
324,0.3245,0.0,0.0,0.0,0.0,0.0,0.0,0.25,0.0,0.0
325,0.3255,0.0,0.0,0.25,0.25,0.25,0.25,0.25,0.0,0.25
326,0.3265,0.25,0.25,0.25,0.25,0.25,0.25,0.25,0.25,0.25
327,0.3275,0.25,0.25,0.25,0.25,0.25,0.25,0.25,0.25,0.25
328,0.3285,0.25,0.25,0.25,0.25,0.25,0.25,0.25,0.25,0.25
329,0.3295,0.25,0.25,0.25,0.25,0.25,0.25,0.25,0.25,0.25
330,0.3305,0.25,0.25,0.25,0.25,0.25,0.25,0.25,0.25,0.25
331,0.3315,0.25,0.25,0.25,0.25,0.25,0.25,0.25,0.25,0.25
332,0.3325,0.25,0.0,0.25,0.25,0.25,0.0,0.25,0.0,0.25
333,0.3335,0.0,0.0,0.0,0.0,0.0,0.0,0.0,0.0,0.0
334,0.3345,0.0,0.0,0.0,0.0,0.0,0.0,0.0,0.0,0.0
335,0.3355,0.0,0.0,0.0,0.0,0.0,0.0,0.0,0.0,0.0
336,0.3365,0.0,0.0,0.0,0.0,0.0,0.0,0.0,0.0,0.0
337,0.3375,0.0,0.0,0.0,0.0,0.0,0.0,0.0,0.0,0.0
338,0.3385,0.0,0.0,0.0,0.0,0.0,0.0,0.0,0.0,0.0
339,0.3395,0.0,0.0,0.0,0.0,0.0,0.0,0.0,0.0,0.0
340,0.3405,0.0,0.0,0.0,0.0,0.0,0.0,0.0,0.0,0.0
341,0.3415,0.0,0.0,0.0,0.0,0.0,0.0,0.0,0.0,0.0
342,0.3425,0.0,0.0,0.0,0.0,0.0,0.0,0.0,0.0,0.0
343,0.3435,0.0,0.0,0.0,0.0,0.0,0.0,0.0,0.0,0.0
344,0.3445,0.0,0.0,0.0,0.0,0.0,0.0,0.0,0.0,0.0
345,0.3455,0.0,0.0,0.0,0.0,0.0,0.0,0.0,0.0,0.0
346,0.3465,0.0,0.0,0.0,0.0,0.0,0.0,0.0,0.0,0.0
347,0.3475,0.0,0.0,0.0,0.0,0.0,0.0,0.0,0.0,0.0
348,0.3485,0.0,0.0,0.0,0.0,0.0,0.0,0.0,0.0,0.0
349,0.3495,0.0,0.0,0.0,0.0,0.0,0.0,0.0,0.0,0.0
350,0.3505,0.0,0.0,0.0,0.0,0.0,0.0,0.0,0.0,0.0
351,0.3515,0.0,0.0,0.0,0.0,0.0,0.0,0.0,0.0,0.0
352,0.3525,0.0,0.0,0.0,0.0,0.0,0.0,0.0,0.0,0.0
353,0.3535,0.0,0.0,0.0,0.0,0.0,0.0,0.0,0.0,0.0
354,0.3545,0.0,0.0,0.0,0.0,0.0,0.0,0.0,0.0,0.0
355,0.3555,0.0,0.0,0.0,0.0,0.0,0.0,0.0,0.0,0.0
356,0.3565,0.0,0.0,0.0,0.0,0.0,0.0,0.0,0.0,0.0
357,0.3575,0.0,0.0,0.0,0.0,0.0,0.0,0.0,0.0,0.0
358,0.3585,0.0,0.0,0.0,0.0,0.0,0.0,0.0,0.0,0.0
359,0.3595,0.0,0.0,0.0,0.0,0.0,0.0,0.0,0.0,0.0
360,0.3605,0.0,0.0,0.0,0.0,0.0,0.0,0.0,0.0,0.0
361,0.3615,0.0,0.0,0.0,0.0,0.0,0.0,0.0,0.0,0.0
362,0.3625,0.0,0.0,0.0,0.0,0.0,0.0,0.0,0.0,0.0
363,0.3635,0.0,0.0,0.0,0.0,0.0,0.0,0.0,0.0,0.0
364,0.3645,0.0,0.0,0.0,0.0,0.0,0.0,0.0,0.0,0.0
365,0.3655,0.0,0.0,0.0,0.0,0.0,0.0,0.0,0.0,0.0
366,0.3665,0.0,0.0,0.0,0.0,0.0,0.0,0.0,0.0,0.0
367,0.3675,0.0,0.0,0.0,0.0,0.0,0.0,0.0,0.0,0.0
368,0.3685,0.0,0.0,0.0,0.0,0.0,0.0,0.0,0.0,0.0
369,0.3695,0.0,0.0,0.0,0.0,0.0,0.0,0.0,0.0,0.0
370,0.3705,0.0,0.0,0.0,0.0,0.0,0.0,0.0,0.0,0.0
371,0.3715,0.0,0.0,0.0,0.0,0.0,0.0,0.0,0.0,0.0
372,0.3725,0.0,0.0,0.0,0.0,0.0,0.0,0.0,0.0,0.0
373,0.3735,0.0,0.0,0.0,0.0,0.0,0.0,0.0,0.0,0.0
374,0.3745,0.0,0.0,0.0,0.0,0.0,0.0,0.0,0.0,0.0
375,0.3755,0.0,0.0,0.0,0.0,0.0,0.0,0.0,0.0,0.0
376,0.3765,0.0,0.0,0.0,0.0,0.0,0.0,0.0,0.0,0.0
377,0.3775,0.0,0.0,0.0,0.0,0.0,0.0,0.0,0.0,0.0
378,0.3785,0.0,0.0,0.0,0.0,0.0,0.0,0.0,0.0,0.0
379,0.3795,0.0,0.0,0.0,0.0,0.0,0.0,0.0,0.0,0.0
380,0.3805,0.0,0.0,0.0,0.0,0.0,0.0,0.0,0.0,0.0
381,0.3815,0.0,0.0,0.0,0.0,0.0,0.0,0.0,0.0,0.0
382,0.3825,0.0,0.0,0.0,0.0,0.0,0.0,0.0,0.0,0.0
383,0.3835,0.0,0.0,0.0,0.0,0.0,0.0,0.0,0.0,0.0
384,0.3845,0.0,0.0,0.0,0.0,0.0,0.0,0.0,0.0,0.0
385,0.3855,0.0,0.0,0.0,0.0,0.0,0.0,0.0,0.0,0.0
386,0.3865,0.0,0.0,0.0,0.0,0.0,0.0,0.0,0.0,0.0
387,0.3875,0.0,0.0,0.0,0.0,0.0,0.0,0.0,0.0,0.0
388,0.3885,0.0,0.0,0.0,0.0,0.0,0.0,0.0,0.0,0.0
389,0.3895,0.0,0.0,0.0,0.0,0.0,0.0,0.0,0.0,0.0
390,0.3905,0.0,0.0,0.0,0.0,0.0,0.0,0.0,0.0,0.0
391,0.3915,0.0,0.0,0.0,0.0,0.0,0.0,0.0,0.0,0.0
392,0.3925,0.0,0.0,0.0,0.0,0.0,0.0,0.0,0.0,0.0
393,0.3935,0.0,0.0,0.0,0.0,0.0,0.0,0.0,0.0,0.0
394,0.3945,0.0,0.0,0.0,0.0,0.0,0.0,0.0,0.0,0.0
395,0.3955,0.0,0.0,0.0,0.0,0.0,0.0,0.0,0.0,0.0
396,0.3965,0.0,0.0,0.0,0.0,0.0,0.0,0.0,0.0,0.0
397,0.3975,0.0,0.0,0.0,0.0,0.0,0.0,0.0,0.0,0.0
398,0.3985,0.0,0.0,0.0,0.0,0.0,0.0,0.0,0.0,0.0
399,0.3995,0.0,0.0,0.0,0.0,0.0,0.0,0.0,0.0,0.0
400,0.4005,0.0,0.0,0.0,0.0,0.0,0.0,0.0,0.0,0.0
401,0.4015,0.0,0.0,0.0,0.0,0.0,0.0,0.0,0.0,0.0
402,0.4025,0.0,0.0,0.0,0.0,0.0,0.0,0.0,0.0,0.0
403,0.4035,0.0,0.0,0.0,0.0,0.0,0.0,0.0,0.0,0.0
404,0.4045,0.0,0.0,0.0,0.0,0.0,0.0,0.0,0.0,0.0
405,0.4055,0.0,0.0,0.0,0.0,0.0,0.0,0.0,0.0,0.0
406,0.4065,0.0,0.0,0.0,0.0,0.0,0.0,0.0,0.0,0.0
407,0.4075,0.0,0.0,0.0,0.0,0.0,0.0,0.0,0.0,0.0
408,0.4085,0.0,0.0,0.0,0.0,0.0,0.0,0.0,0.0,0.0
409,0.4095,0.0,0.0,0.0,0.0,0.0,0.0,0.0,0.0,0.0
410,0.4105,0.0,0.0,0.0,0.0,0.0,0.0,0.0,0.0,0.0
411,0.4115,0.0,0.0,0.0,0.0,0.0,0.0,0.0,0.0,0.0
412,0.4125,0.0,0.0,0.0,0.0,0.0,0.0,0.0,0.0,0.0
413,0.4135,0.0,0.0,0.0,0.0,0.0,0.0,0.0,0.0,0.0
414,0.4145,0.0,0.0,0.0,0.0,0.0,0.0,0.0,0.0,0.0
415,0.4155,0.0,0.0,0.0,0.0,0.0,0.0,0.0,0.0,0.0
416,0.4165,0.0,0.0,0.0,0.0,0.0,0.0,0.0,0.0,0.0
417,0.4175,0.0,0.0,0.0,0.0,0.0,0.0,0.0,0.0,0.0
418,0.4185,0.0,0.0,0.0,0.0,0.0,0.0,0.0,0.0,0.0
419,0.4195,0.0,0.0,0.0,0.0,0.0,0.0,0.0,0.0,0.0
420,0.4205,0.0,0.0,0.0,0.0,0.0,0.0,0.0,0.0,0.0
421,0.4215,0.0,0.0,0.0,0.0,0.0,0.0,0.0,0.0,0.0
422,0.4225,0.0,0.0,0.0,0.0,0.0,0.0,0.0,0.0,0.0
423,0.4235,0.0,0.0,0.0,0.0,0.0,0.0,0.0,0.0,0.0
424,0.4245,0.0,0.0,0.0,0.0,0.0,0.0,0.0,0.0,0.0
425,0.4255,0.0,0.0,0.0,0.0,0.0,0.0,0.0,0.0,0.0
426,0.4265,0.0,0.0,0.0,0.0,0.0,0.0,0.0,0.0,0.0
427,0.4275,0.0,0.0,0.0,0.0,0.0,0.0,0.0,0.0,0.0
428,0.4285,0.0,0.0,0.0,0.0,0.0,0.0,0.0,0.0,0.0
429,0.4295,0.0,0.0,0.0,0.0,0.0,0.0,0.0,0.0,0.0
430,0.4305,0.0,0.0,0.0,0.0,0.0,0.0,0.0,0.0,0.0
431,0.4315,0.0,0.0,0.0,0.0,0.0,0.0,0.0,0.0,0.0
432,0.4325,0.0,0.0,0.0,0.0,0.0,0.0,0.0,0.0,0.0
433,0.4335,0.0,0.0,0.0,0.0,0.0,0.0,0.0,0.0,0.0
434,0.4345,0.0,0.0,0.0,0.0,0.0,0.0,0.0,0.0,0.0
435,0.4355,0.0,0.0,0.0,0.0,0.0,0.0,0.0,0.0,0.0
436,0.4365,0.0,0.0,0.0,0.0,0.0,0.0,0.0,0.0,0.0
437,0.4375,0.0,0.0,0.0,0.0,0.0,0.0,0.0,0.0,0.0
438,0.4385,0.0,0.0,0.0,0.0,0.0,0.0,0.0,0.0,0.0
439,0.4395,0.0,0.0,0.0,0.0,0.0,0.0,0.0,0.0,0.0
440,0.4405,0.0,0.0,0.0,0.0,0.0,0.0,0.0,0.0,0.0
441,0.4415,0.0,0.0,0.0,0.0,0.0,0.0,0.0,0.0,0.0
442,0.4425,0.0,0.0,0.0,0.0,0.0,0.0,0.0,0.0,0.0
443,0.4435,0.0,0.0,0.0,0.0,0.0,0.0,0.0,0.0,0.0
444,0.4445,0.0,0.0,0.0,0.0,0.0,0.0,0.0,0.0,0.0
445,0.4455,0.0,0.0,0.0,0.0,0.0,0.0,0.0,0.0,0.0
446,0.4465,0.0,0.0,0.0,0.0,0.0,0.0,0.0,0.0,0.0
447,0.4475,0.0,0.0,0.0,0.0,0.0,0.0,0.0,0.0,0.0
448,0.4485,0.0,0.0,0.0,0.0,0.0,0.0,0.0,0.0,0.0
449,0.4495,0.0,0.0,0.0,0.0,0.0,0.0,0.0,0.0,0.0
450,0.4505,0.0,0.0,0.0,0.0,0.0,0.0,0.0,0.0,0.0
451,0.4515,0.0,0.0,0.0,0.0,0.0,0.0,0.0,0.0,0.0
452,0.4525,0.0,0.0,0.0,0.0,0.0,0.0,0.0,0.0,0.0
453,0.4535,0.0,0.0,0.0,0.0,0.0,0.0,0.0,0.0,0.0
454,0.4545,0.0,0.0,0.0,0.0,0.0,0.0,0.0,0.0,0.0
455,0.4555,0.0,0.0,0.0,0.0,0.0,0.0,0.0,0.0,0.0
456,0.4565,0.0,0.0,0.0,0.0,0.0,0.0,0.0,0.0,0.0
457,0.4575,0.0,0.0,0.0,0.0,0.0,0.0,0.0,0.0,0.0
458,0.4585,0.0,0.0,0.0,0.0,0.0,0.0,0.0,0.0,0.0
459,0.4595,0.0,0.0,0.0,0.0,0.0,0.0,0.0,0.0,0.0
460,0.4605,0.0,0.0,0.0,0.0,0.0,0.0,0.0,0.0,0.0
461,0.4615,0.0,0.0,0.0,0.0,0.0,0.0,0.0,0.0,0.0
462,0.4625,0.0,0.0,0.0,0.0,0.0,0.0,0.0,0.0,0.0
463,0.4635,0.0,0.0,0.0,0.0,0.0,0.0,0.0,0.0,0.0
464,0.4645,0.0,0.0,0.0,0.0,0.0,0.0,0.0,0.0,0.0
465,0.4655,0.0,0.0,0.0,0.0,0.0,0.0,0.0,0.0,0.0
466,0.4665,0.0,0.0,0.0,0.0,0.0,0.0,0.0,0.0,0.0
467,0.4675,0.0,0.0,0.0,0.0,0.0,0.0,0.0,0.0,0.0
468,0.4685,0.0,0.0,0.0,0.0,0.0,0.0,0.0,0.0,0.0
469,0.4695,0.0,0.0,0.0,0.0,0.0,0.0,0.0,0.0,0.0
470,0.4705,0.0,0.0,0.0,0.0,0.0,0.0,0.0,0.0,0.0
471,0.4715,0.0,0.0,0.0,0.0,0.0,0.0,0.0,0.0,0.0
472,0.4725,0.0,0.0,0.0,0.0,0.0,0.0,0.0,0.0,0.0
473,0.4735,0.0,0.0,0.0,0.0,0.0,0.0,0.0,0.0,0.0
474,0.4745,0.0,0.0,0.0,0.0,0.0,0.0,0.0,0.0,0.0
475,0.4755,0.0,0.0,0.0,0.0,0.0,0.0,0.0,0.0,0.0
476,0.4765,0.0,0.0,0.0,0.0,0.0,0.0,0.0,0.0,0.0
477,0.4775,0.0,0.0,0.0,0.0,0.0,0.0,0.0,0.0,0.0
478,0.4785,0.0,0.0,0.0,0.0,0.0,0.0,0.0,0.0,0.0
479,0.4795,0.0,0.0,0.0,0.0,0.0,0.0,0.0,0.0,0.0
480,0.4805,0.0,0.0,0.0,0.0,0.0,0.0,0.0,0.0,0.0
481,0.4815,0.0,0.0,0.0,0.0,0.0,0.0,0.0,0.0,0.0
482,0.4825,0.0,0.0,0.0,0.0,0.0,0.0,0.0,0.0,0.0
483,0.4835,0.0,0.0,0.0,0.0,0.0,0.0,0.0,0.0,0.0
484,0.4845,0.0,0.0,0.0,0.0,0.0,0.0,0.0,0.0,0.0
485,0.4855,0.0,0.0,0.0,0.0,0.0,0.0,0.0,0.0,0.0
486,0.4865,0.0,0.0,0.0,0.0,0.0,0.0,0.0,0.0,0.0
487,0.4875,0.0,0.0,0.0,0.0,0.0,0.0,0.0,0.0,0.0
488,0.4885,0.0,0.0,0.0,0.0,0.0,0.0,0.0,0.0,0.0
489,0.4895,0.0,0.0,0.0,0.0,0.0,0.0,0.0,0.0,0.0
490,0.4905,0.0,0.0,0.0,0.0,0.0,0.0,0.0,0.0,0.0
491,0.4915,0.0,0.0,0.0,0.0,0.0,0.0,0.0,0.0,0.0
492,0.4925,0.0,0.0,0.0,0.0,0.0,0.0,0.0,0.0,0.0
493,0.4935,0.0,0.0,0.0,0.0,0.0,0.0,0.0,0.0,0.0
494,0.4945,0.0,0.0,0.0,0.0,0.0,0.0,0.0,0.0,0.0
495,0.4955,0.0,0.0,0.0,0.0,0.0,0.0,0.0,0.0,0.0
496,0.4965,0.0,0.0,0.0,0.0,0.0,0.0,0.0,0.0,0.0
497,0.4975,0.0,0.0,0.0,0.0,0.0,0.0,0.0,0.0,0.0
498,0.4985,0.0,0.0,0.0,0.0,0.0,0.0,0.0,0.0,0.0
499,0.4995,0.0,0.0,0.0,0.0,0.0,0.0,0.0,0.0,0.0
500,0.5005,0.0,0.0,0.0,0.0,0.0,0.0,0.0,0.0,0.0
501,0.5015,0.0,0.0,0.0,0.0,0.0,0.0,0.0,0.0,0.0
502,0.5025,0.0,0.0,0.0,0.0,0.0,0.0,0.0,0.0,0.0
503,0.5035,0.0,0.0,0.0,0.0,0.0,0.0,0.0,0.0,0.0
504,0.5045,0.0,0.0,0.0,0.0,0.0,0.0,0.0,0.0,0.0
505,0.5055,0.0,0.0,0.0,0.0,0.0,0.0,0.0,0.0,0.0
506,0.5065,0.0,0.0,0.0,0.0,0.0,0.0,0.0,0.0,0.0
507,0.5075,0.0,0.0,0.0,0.0,0.0,0.0,0.0,0.0,0.0
508,0.5085,0.0,0.0,0.0,0.0,0.0,0.0,0.0,0.0,0.0
509,0.5095,0.0,0.0,0.0,0.0,0.0,0.0,0.0,0.0,0.0
510,0.5105,0.0,0.0,0.0,0.0,0.0,0.0,0.0,0.0,0.0
511,0.5115,0.0,0.0,0.0,0.0,0.0,0.0,0.0,0.0,0.0
512,0.5125,0.0,0.0,0.0,0.0,0.0,0.0,0.0,0.0,0.0
513,0.5135,0.0,0.0,0.0,0.0,0.0,0.0,0.0,0.0,0.0
514,0.5145,0.0,0.0,0.0,0.0,0.0,0.0,0.0,0.0,0.0
515,0.5155,0.0,0.0,0.0,0.0,0.0,0.0,0.0,0.0,0.0
516,0.5165,0.0,0.0,0.0,0.0,0.0,0.0,0.0,0.0,0.0
517,0.5175,0.0,0.0,0.0,0.0,0.0,0.0,0.0,0.0,0.0
518,0.5185,0.0,0.0,0.0,0.0,0.0,0.0,0.0,0.0,0.0
519,0.5195,0.0,0.0,0.0,0.0,0.0,0.0,0.0,0.0,0.0
520,0.5205,0.0,0.0,0.0,0.0,0.0,0.0,0.0,0.0,0.0
521,0.5215,0.0,0.0,0.0,0.0,0.0,0.0,0.0,0.0,0.0
522,0.5225,0.0,0.0,0.0,0.0,0.0,0.0,0.0,0.0,0.0
523,0.5235,0.0,0.0,0.0,0.0,0.0,0.0,0.0,0.0,0.0
524,0.5245,0.0,0.0,0.0,0.0,0.0,0.0,0.0,0.0,0.0
525,0.5255,0.0,0.0,0.0,0.0,0.0,0.0,0.0,0.0,0.0
526,0.5265,0.0,0.0,0.0,0.0,0.0,0.0,0.0,0.0,0.0
527,0.5275,0.0,0.0,0.0,0.0,0.0,0.0,0.0,0.0,0.0
528,0.5285,0.0,0.0,0.0,0.0,0.0,0.0,0.0,0.0,0.0
529,0.5295,0.0,0.0,0.0,0.0,0.0,0.0,0.0,0.0,0.0
530,0.5305,0.0,0.0,0.0,0.0,0.0,0.0,0.0,0.0,0.0
531,0.5315,0.0,0.0,0.0,0.0,0.0,0.0,0.0,0.0,0.0
532,0.5325,0.0,0.0,0.0,0.0,0.0,0.0,0.0,0.0,0.0
533,0.5335,0.0,0.0,0.0,0.0,0.0,0.0,0.0,0.0,0.0
534,0.5345,0.0,0.0,0.0,0.0,0.0,0.0,0.0,0.0,0.0
535,0.5355,0.0,0.0,0.0,0.0,0.0,0.0,0.0,0.0,0.0
536,0.5365,0.0,0.0,0.0,0.0,0.0,0.0,0.0,0.0,0.0
537,0.5375,0.0,0.0,0.0,0.0,0.0,0.0,0.0,0.0,0.0
538,0.5385,0.0,0.0,0.0,0.0,0.0,0.0,0.0,0.0,0.0
539,0.5395,0.0,0.0,0.0,0.0,0.0,0.0,0.0,0.0,0.0
540,0.5405,0.0,0.0,0.0,0.0,0.0,0.0,0.0,0.0,0.0
541,0.5415,0.0,0.0,0.0,0.0,0.0,0.0,0.0,0.0,0.0
542,0.5425,0.0,0.0,0.0,0.0,0.0,0.0,0.0,0.0,0.0
543,0.5435,0.0,0.0,0.0,0.0,0.0,0.0,0.0,0.0,0.0
544,0.5445,0.0,0.0,0.0,0.0,0.0,0.0,0.0,0.0,0.0
545,0.5455,0.0,0.0,0.0,0.0,0.0,0.0,0.0,0.0,0.0
546,0.5465,0.0,0.0,0.0,0.0,0.0,0.0,0.0,0.0,0.0
547,0.5475,0.0,0.0,0.0,0.0,0.0,0.0,0.0,0.0,0.0
548,0.5485,0.0,0.0,0.0,0.0,0.0,0.0,0.0,0.0,0.0
549,0.5495,0.0,0.0,0.0,0.0,0.0,0.0,0.0,0.0,0.0
550,0.5505,0.0,0.0,0.0,0.0,0.0,0.0,0.0,0.0,0.0
551,0.5515,0.0,0.0,0.0,0.0,0.0,0.0,0.0,0.0,0.0
552,0.5525,0.0,0.0,0.0,0.0,0.0,0.0,0.0,0.0,0.0
553,0.5535,0.0,0.0,0.0,0.0,0.0,0.0,0.0,0.0,0.0
554,0.5545,0.0,0.0,0.0,0.0,0.0,0.0,0.0,0.0,0.0
555,0.5555,0.0,0.0,0.0,0.0,0.0,0.0,0.0,0.0,0.0
556,0.5565,0.0,0.0,0.0,0.0,0.0,0.0,0.0,0.0,0.0
557,0.5575,0.0,0.0,0.0,0.0,0.0,0.0,0.0,0.0,0.0
558,0.5585,0.0,0.0,0.0,0.0,0.0,0.0,0.0,0.0,0.0
559,0.5595,0.0,0.0,0.0,0.0,0.0,0.0,0.0,0.0,0.0
560,0.5605,0.0,0.0,0.0,0.0,0.0,0.0,0.0,0.0,0.0
561,0.5615,0.0,0.0,0.0,0.0,0.0,0.0,0.0,0.0,0.0
562,0.5625,0.0,0.0,0.0,0.0,0.0,0.0,0.0,0.0,0.0
563,0.5635,0.0,0.0,0.0,0.0,0.0,0.0,0.0,0.0,0.0
564,0.5645,0.0,0.0,0.0,0.0,0.0,0.0,0.0,0.0,0.0
565,0.5655,0.0,0.0,0.0,0.0,0.0,0.0,0.0,0.0,0.0
566,0.5665,0.0,0.0,0.0,0.0,0.0,0.0,0.0,0.0,0.0
567,0.5675,0.0,0.0,0.0,0.0,0.0,0.0,0.0,0.0,0.0
568,0.5685,0.0,0.0,0.0,0.0,0.0,0.0,0.0,0.0,0.0
569,0.5695,0.0,0.0,0.0,0.0,0.0,0.0,0.0,0.0,0.0
570,0.5705,0.0,0.0,0.0,0.0,0.0,0.0,0.0,0.0,0.0
571,0.5715,0.0,0.0,0.0,0.0,0.0,0.0,0.0,0.0,0.0
572,0.5725,0.0,0.0,0.0,0.0,0.0,0.0,0.0,0.0,0.0
573,0.5735,0.0,0.0,0.0,0.0,0.0,0.0,0.0,0.0,0.0
574,0.5745,0.0,0.0,0.0,0.0,0.0,0.0,0.0,0.0,0.0
575,0.5755,0.0,0.0,0.0,0.0,0.0,0.0,0.0,0.0,0.0
576,0.5765,0.0,0.0,0.0,0.0,0.0,0.0,0.0,0.0,0.0
577,0.5775,0.0,0.0,0.0,0.0,0.0,0.0,0.0,0.0,0.0
578,0.5785,0.0,0.0,0.0,0.0,0.0,0.0,0.0,0.0,0.0
579,0.5795,0.0,0.0,0.0,0.0,0.0,0.0,0.0,0.0,0.0
580,0.5805,0.0,0.0,0.0,0.0,0.0,0.0,0.0,0.0,0.0
581,0.5815,0.0,0.0,0.0,0.0,0.0,0.0,0.0,0.0,0.0
582,0.5825,0.0,0.0,0.0,0.0,0.0,0.0,0.0,0.0,0.0
583,0.5835,0.0,0.0,0.0,0.0,0.0,0.0,0.0,0.0,0.0
584,0.5845,0.0,0.0,0.0,0.0,0.0,0.0,0.0,0.0,0.0
585,0.5855,0.0,0.0,0.0,0.0,0.0,0.0,0.0,0.0,0.0
586,0.5865,0.0,0.0,0.0,0.0,0.0,0.0,0.0,0.0,0.0
587,0.5875,0.0,0.0,0.0,0.0,0.0,0.0,0.0,0.0,0.0
588,0.5885,0.0,0.0,0.0,0.0,0.0,0.0,0.0,0.0,0.0
589,0.5895,0.0,0.0,0.0,0.0,0.0,0.0,0.0,0.0,0.0
590,0.5905,0.0,0.0,0.0,0.0,0.0,0.0,0.0,0.0,0.0
591,0.5915,0.0,0.0,0.0,0.0,0.0,0.0,0.0,0.0,0.0
592,0.5925,0.0,0.0,0.0,0.0,0.0,0.0,0.0,0.0,0.0
593,0.5935,0.0,0.0,0.0,0.0,0.0,0.0,0.0,0.0,0.0
594,0.5945,0.0,0.0,0.0,0.0,0.0,0.0,0.0,0.0,0.0
595,0.5955,0.0,0.0,0.0,0.0,0.0,0.0,0.0,0.0,0.0
596,0.5965,0.0,0.0,0.0,0.0,0.0,0.0,0.0,0.0,0.0
597,0.5975,0.0,0.0,0.0,0.0,0.0,0.0,0.0,0.0,0.0
598,0.5985,0.0,0.0,0.0,0.0,0.0,0.0,0.0,0.0,0.0
599,0.5995,0.0,0.0,0.0,0.0,0.0,0.0,0.0,0.0,0.0
600,0.6005,0.0,0.0,0.0,0.0,0.0,0.0,0.0,0.0,0.0
601,0.6015,0.0,0.0,0.0,0.0,0.0,0.0,0.0,0.0,0.0
602,0.6025,0.0,0.0,0.0,0.0,0.0,0.0,0.0,0.0,0.0
603,0.6035,0.0,0.0,0.0,0.0,0.0,0.0,0.0,0.0,0.0
604,0.6045,0.0,0.0,0.0,0.0,0.0,0.0,0.0,0.0,0.0
605,0.6055,0.0,0.0,0.0,0.0,0.0,0.0,0.0,0.0,0.0
606,0.6065,0.0,0.0,0.0,0.0,0.0,0.0,0.0,0.0,0.0
607,0.6075,0.0,0.0,0.0,0.0,0.0,0.0,0.0,0.0,0.0
608,0.6085,0.0,0.0,0.0,0.0,0.0,0.0,0.0,0.0,0.0
609,0.6095,0.0,0.0,0.0,0.0,0.0,0.0,0.0,0.0,0.0
610,0.6105,0.0,0.0,0.0,0.0,0.0,0.0,0.0,0.0,0.0
611,0.6115,0.0,0.0,0.0,0.0,0.0,0.0,0.0,0.0,0.0
612,0.6125,0.0,0.0,0.0,0.0,0.0,0.0,0.0,0.0,0.0
613,0.6135,0.0,0.0,0.0,0.0,0.0,0.0,0.0,0.0,0.0
614,0.6145,0.0,0.0,0.0,0.0,0.0,0.0,0.0,0.0,0.0
615,0.6155,0.0,0.0,0.0,0.0,0.0,0.0,0.0,0.0,0.0
616,0.6165,0.0,0.0,0.0,0.0,0.0,0.0,0.0,0.0,0.0
617,0.6175,0.0,0.0,0.0,0.0,0.0,0.0,0.0,0.0,0.0
618,0.6185,0.0,0.0,0.0,0.0,0.0,0.0,0.0,0.0,0.0
619,0.6195,0.0,0.0,0.0,0.0,0.0,0.0,0.0,0.0,0.0
620,0.6205,0.0,0.0,0.0,0.0,0.0,0.0,0.0,0.0,0.0
621,0.6215,0.0,0.0,0.0,0.0,0.0,0.0,0.0,0.0,0.0
622,0.6225,0.0,0.0,0.0,0.0,0.0,0.0,0.0,0.0,0.0
623,0.6235,0.0,0.0,0.0,0.0,0.0,0.0,0.0,0.0,0.0
624,0.6245,0.0,0.0,0.0,0.0,0.0,0.0,0.0,0.0,0.0
625,0.6255,0.0,0.0,0.0,0.0,0.0,0.0,0.0,0.0,0.0
626,0.6265,0.0,0.0,0.0,0.0,0.0,0.0,0.0,0.0,0.0
627,0.6275,0.0,0.0,0.0,0.0,0.0,0.0,0.0,0.0,0.0
628,0.6285,0.0,0.0,0.0,0.0,0.0,0.0,0.0,0.0,0.0
629,0.6295,0.0,0.0,0.0,0.0,0.0,0.0,0.0,0.0,0.0
630,0.6305,0.0,0.0,0.0,0.0,0.0,0.0,0.0,0.0,0.0
631,0.6315,0.0,0.0,0.0,0.0,0.0,0.0,0.0,0.0,0.0
632,0.6325,0.0,0.0,0.0,0.0,0.0,0.0,0.0,0.0,0.0
633,0.6335,0.0,0.0,0.0,0.0,0.0,0.0,0.0,0.0,0.0
634,0.6345,0.0,0.0,0.0,0.0,0.0,0.0,0.0,0.0,0.0
635,0.6355,0.0,0.0,0.0,0.0,0.0,0.0,0.0,0.0,0.0
636,0.6365,0.0,0.0,0.0,0.0,0.0,0.0,0.0,0.0,0.0
637,0.6375,0.0,0.0,0.0,0.0,0.0,0.0,0.0,0.0,0.0
638,0.6385,0.0,0.0,0.0,0.0,0.0,0.0,0.0,0.0,0.0
639,0.6395,0.0,0.0,0.0,0.0,0.0,0.0,0.0,0.0,0.0
640,0.6405,0.0,0.0,0.0,0.0,0.0,0.0,0.0,0.0,0.0
641,0.6415,0.0,0.0,0.0,0.0,0.0,0.0,0.0,0.0,0.0
642,0.6425,0.0,0.0,0.0,0.0,0.0,0.0,0.0,0.0,0.0
643,0.6435,0.0,0.0,0.0,0.0,0.0,0.0,0.0,0.0,0.0
644,0.6445,0.0,0.0,0.0,0.0,0.0,0.0,0.0,0.0,0.0
645,0.6455,0.0,0.0,0.0,0.0,0.0,0.0,0.0,0.0,0.0
646,0.6465,0.0,0.0,0.0,0.0,0.0,0.0,0.0,0.0,0.0
647,0.6475,0.0,0.0,0.0,0.0,0.0,0.0,0.0,0.0,0.0
648,0.6485,0.0,0.0,0.0,0.0,0.0,0.0,0.0,0.0,0.0
649,0.6495,0.0,0.0,0.0,0.0,0.0,0.0,0.0,0.0,0.0
650,0.6505,0.0,0.0,0.0,0.0,0.0,0.0,0.0,0.0,0.0
651,0.6515,0.0,0.0,0.0,0.0,0.0,0.0,0.0,0.0,0.0
652,0.6525,0.0,0.0,0.0,0.0,0.0,0.0,0.0,0.0,0.0
653,0.6535,0.0,0.0,0.0,0.0,0.0,0.0,0.0,0.0,0.0
654,0.6545,0.0,0.0,0.0,0.0,0.0,0.0,0.0,0.0,0.0
655,0.6555,0.0,0.0,0.0,0.0,0.0,0.0,0.0,0.0,0.0
656,0.6565,0.0,0.0,0.0,0.0,0.0,0.0,0.0,0.0,0.0
657,0.6575,0.0,0.0,0.0,0.0,0.0,0.0,0.0,0.0,0.0
658,0.6585,0.0,0.0,0.0,0.0,0.0,0.0,0.0,0.0,0.0
659,0.6595,0.0,0.0,0.0,0.0,0.0,0.0,0.0,0.0,0.0
660,0.6605,0.0,0.0,0.0,0.0,0.0,0.0,0.0,0.0,0.0
661,0.6615,0.0,0.0,0.0,0.0,0.0,0.0,0.0,0.0,0.0
662,0.6625,0.0,0.0,0.0,0.0,0.0,0.0,0.0,0.0,0.0
663,0.6635,0.0,0.0,0.0,0.0,0.0,0.0,0.0,0.0,0.0
664,0.6645,0.0,0.0,0.0,0.0,0.0,0.0,0.0,0.0,0.0
665,0.6655,0.0,0.0,0.0,0.0,0.0,0.0,0.0,0.0,0.0
666,0.6665,0.0,0.0,0.0,0.0,0.0,0.0,0.0,0.0,0.0
667,0.6675,0.0,0.0,0.0,0.0,0.0,0.0,0.0,0.0,0.0
668,0.6685,0.0,0.0,0.0,0.0,0.0,0.0,0.0,0.0,0.0
669,0.6695,0.0,0.0,0.0,0.0,0.0,0.0,0.0,0.0,0.0
670,0.6705,0.0,0.0,0.0,0.0,0.0,0.0,0.0,0.0,0.0
671,0.6715,0.0,0.0,0.0,0.0,0.0,0.0,0.0,0.0,0.0
672,0.6725,0.0,0.0,0.0,0.0,0.0,0.0,0.0,0.0,0.0
673,0.6735,0.0,0.0,0.0,0.0,0.0,0.0,0.0,0.0,0.0
674,0.6745,0.0,0.0,0.0,0.0,0.0,0.0,0.0,0.0,0.0
675,0.6755,0.0,0.0,0.0,0.0,0.0,0.0,0.0,0.0,0.0
676,0.6765,0.0,0.0,0.0,0.0,0.0,0.0,0.0,0.0,0.0
677,0.6775,0.0,0.0,0.0,0.0,0.0,0.0,0.0,0.0,0.0
678,0.6785,0.0,0.0,0.0,0.0,0.0,0.0,0.0,0.0,0.0
679,0.6795,0.0,0.0,0.0,0.0,0.0,0.0,0.0,0.0,0.0
680,0.6805,0.0,0.0,0.0,0.0,0.0,0.0,0.0,0.0,0.0
681,0.6815,0.0,0.0,0.0,0.0,0.0,0.0,0.0,0.0,0.0
682,0.6825,0.0,0.0,0.0,0.0,0.0,0.0,0.0,0.0,0.0
683,0.6835,0.0,0.0,0.0,0.0,0.0,0.0,0.0,0.0,0.0
684,0.6845,0.0,0.0,0.0,0.0,0.0,0.0,0.0,0.0,0.0
685,0.6855,0.0,0.0,0.0,0.0,0.0,0.0,0.0,0.0,0.0
686,0.6865,0.0,0.0,0.0,0.0,0.0,0.0,0.0,0.0,0.0
687,0.6875,0.0,0.0,0.0,0.0,0.0,0.0,0.0,0.0,0.0
688,0.6885,0.0,0.0,0.0,0.0,0.0,0.0,0.0,0.0,0.0
689,0.6895,0.0,0.0,0.0,0.0,0.0,0.0,0.0,0.0,0.0
690,0.6905,0.0,0.0,0.0,0.0,0.0,0.0,0.0,0.0,0.0
691,0.6915,0.0,0.0,0.0,0.0,0.0,0.0,0.0,0.0,0.0
692,0.6925,0.0,0.0,0.0,0.0,0.0,0.0,0.0,0.0,0.0
693,0.6935,0.0,0.0,0.0,0.0,0.0,0.0,0.0,0.0,0.0
694,0.6945,0.0,0.0,0.0,0.0,0.0,0.0,0.0,0.0,0.0
695,0.6955,0.0,0.0,0.0,0.0,0.0,0.0,0.0,0.0,0.0
696,0.6965,0.0,0.0,0.0,0.0,0.0,0.0,0.0,0.0,0.0
697,0.6975,0.0,0.0,0.0,0.0,0.0,0.0,0.0,0.0,0.0
698,0.6985,0.0,0.0,0.0,0.0,0.0,0.0,0.0,0.0,0.0
699,0.6995,0.0,0.0,0.0,0.0,0.0,0.0,0.0,0.0,0.0
700,0.7005,0.0,0.0,0.0,0.0,0.0,0.0,0.0,0.0,0.0
701,0.7015,0.0,0.0,0.0,0.0,0.0,0.0,0.0,0.0,0.0
702,0.7025,0.0,0.0,0.0,0.0,0.0,0.0,0.0,0.0,0.0
703,0.7035,0.0,0.0,0.0,0.0,0.0,0.0,0.0,0.0,0.0
704,0.7045,0.0,0.0,0.0,0.0,0.0,0.0,0.0,0.0,0.0
705,0.7055,0.0,0.0,0.0,0.0,0.0,0.0,0.0,0.0,0.0
706,0.7065,0.0,0.0,0.0,0.0,0.0,0.0,0.0,0.0,0.0
707,0.7075,0.0,0.0,0.0,0.0,0.0,0.0,0.0,0.0,0.0
708,0.7085,0.0,0.0,0.0,0.0,0.0,0.0,0.0,0.0,0.0
709,0.7095,0.0,0.0,0.0,0.0,0.0,0.0,0.0,0.0,0.0
710,0.7105,0.0,0.0,0.0,0.0,0.0,0.0,0.0,0.0,0.0
711,0.7115,0.0,0.0,0.0,0.0,0.0,0.0,0.0,0.0,0.0
712,0.7125,0.0,0.0,0.0,0.0,0.0,0.0,0.0,0.0,0.0
713,0.7135,0.0,0.0,0.0,0.0,0.0,0.0,0.0,0.0,0.0
714,0.7145,0.0,0.0,0.0,0.0,0.0,0.0,0.0,0.0,0.0
715,0.7155,0.0,0.0,0.0,0.0,0.0,0.0,0.0,0.0,0.0
716,0.7165,0.0,0.0,0.0,0.0,0.0,0.0,0.0,0.0,0.0
717,0.7175,0.0,0.0,0.0,0.0,0.0,0.0,0.0,0.0,0.0
718,0.7185,0.0,0.0,0.0,0.0,0.0,0.0,0.0,0.0,0.0
719,0.7195,0.0,0.0,0.0,0.0,0.0,0.0,0.0,0.0,0.0
720,0.7205,0.0,0.0,0.0,0.0,0.0,0.0,0.0,0.0,0.0
721,0.7215,0.0,0.0,0.0,0.0,0.0,0.0,0.0,0.0,0.0
722,0.7225,0.0,0.0,0.0,0.0,0.0,0.0,0.0,0.0,0.0
723,0.7235,0.0,0.0,0.0,0.0,0.0,0.0,0.0,0.0,0.0
724,0.7245,0.0,0.0,0.0,0.0,0.0,0.0,0.0,0.0,0.0
725,0.7255,0.0,0.0,0.0,0.0,0.0,0.0,0.0,0.0,0.0
726,0.7265,0.0,0.0,0.0,0.0,0.0,0.0,0.0,0.0,0.0
727,0.7275,0.0,0.0,0.0,0.0,0.0,0.0,0.0,0.0,0.0
728,0.7285,0.0,0.0,0.0,0.0,0.0,0.0,0.0,0.0,0.0
729,0.7295,0.0,0.0,0.0,0.0,0.0,0.0,0.0,0.0,0.0
730,0.7305,0.0,0.0,0.0,0.0,0.0,0.0,0.0,0.0,0.0
731,0.7315,0.0,0.0,0.0,0.0,0.0,0.0,0.0,0.0,0.0
732,0.7325,0.0,0.0,0.0,0.0,0.0,0.0,0.0,0.0,0.0
733,0.7335,0.0,0.0,0.0,0.0,0.0,0.0,0.0,0.0,0.0
734,0.7345,0.0,0.0,0.0,0.0,0.0,0.0,0.0,0.0,0.0
735,0.7355,0.0,0.0,0.0,0.0,0.0,0.0,0.0,0.0,0.0
736,0.7365,0.0,0.0,0.0,0.0,0.0,0.0,0.0,0.0,0.0
737,0.7375,0.0,0.0,0.0,0.0,0.0,0.0,0.0,0.0,0.0
738,0.7385,0.0,0.0,0.0,0.0,0.0,0.0,0.0,0.0,0.0
739,0.7395,0.0,0.0,0.0,0.0,0.0,0.0,0.0,0.0,0.0
740,0.7405,0.0,0.0,0.0,0.0,0.0,0.0,0.0,0.0,0.0
741,0.7415,0.0,0.0,0.0,0.0,0.0,0.0,0.0,0.0,0.0
742,0.7425,0.0,0.0,0.0,0.0,0.0,0.0,0.0,0.0,0.0
743,0.7435,0.0,0.0,0.0,0.0,0.0,0.0,0.0,0.0,0.0
744,0.7445,0.0,0.0,0.0,0.0,0.0,0.0,0.0,0.0,0.0
745,0.7455,0.0,0.0,0.0,0.0,0.0,0.0,0.0,0.0,0.0
746,0.7465,0.0,0.0,0.0,0.0,0.0,0.0,0.0,0.0,0.0
747,0.7475,0.0,0.0,0.0,0.0,0.0,0.0,0.0,0.0,0.0
748,0.7485,0.0,0.0,0.0,0.0,0.0,0.0,0.0,0.0,0.0
749,0.7495,0.0,0.0,0.0,0.0,0.0,0.0,0.0,0.0,0.0
750,0.7505,0.0,0.0,0.0,0.0,0.0,0.0,0.0,0.0,0.0
751,0.7515,0.0,0.0,0.0,0.0,0.0,0.0,0.0,0.0,0.0
752,0.7525,0.0,0.0,0.0,0.0,0.0,0.0,0.0,0.0,0.0
753,0.7535,0.0,0.0,0.0,0.0,0.0,0.0,0.0,0.0,0.0
754,0.7545,0.0,0.0,0.0,0.0,0.0,0.0,0.0,0.0,0.0
755,0.7555,0.0,0.0,0.0,0.0,0.0,0.0,0.0,0.0,0.0
756,0.7565,0.0,0.0,0.0,0.0,0.0,0.0,0.0,0.0,0.0
757,0.7575,0.0,0.0,0.0,0.0,0.0,0.0,0.0,0.0,0.0
758,0.7585,0.0,0.0,0.0,0.0,0.0,0.0,0.0,0.0,0.0
759,0.7595,0.0,0.0,0.0,0.0,0.0,0.0,0.0,0.0,0.0
760,0.7605,0.0,0.0,0.0,0.0,0.0,0.0,0.0,0.0,0.0
761,0.7615,0.0,0.0,0.0,0.0,0.0,0.0,0.0,0.0,0.0
762,0.7625,0.0,0.0,0.0,0.0,0.0,0.0,0.0,0.0,0.0
763,0.7635,0.0,0.0,0.0,0.0,0.0,0.0,0.0,0.0,0.0
764,0.7645,0.0,0.0,0.0,0.0,0.0,0.0,0.0,0.0,0.0
765,0.7655,0.0,0.0,0.0,0.0,0.0,0.0,0.0,0.0,0.0
766,0.7665,0.0,0.0,0.0,0.0,0.0,0.0,0.0,0.0,0.0
767,0.7675,0.0,0.0,0.0,0.0,0.0,0.0,0.0,0.0,0.0
768,0.7685,0.0,0.0,0.0,0.0,0.0,0.0,0.0,0.0,0.0
769,0.7695,0.0,0.0,0.0,0.0,0.0,0.0,0.0,0.0,0.0
770,0.7705,0.0,0.0,0.0,0.0,0.0,0.0,0.0,0.0,0.0
771,0.7715,0.0,0.0,0.0,0.0,0.0,0.0,0.0,0.0,0.0
772,0.7725,0.0,0.0,0.0,0.0,0.0,0.0,0.0,0.0,0.0
773,0.7735,0.0,0.0,0.0,0.0,0.0,0.0,0.0,0.0,0.0
774,0.7745,0.0,0.0,0.0,0.0,0.0,0.0,0.0,0.0,0.0
775,0.7755,0.0,0.0,0.0,0.0,0.0,0.0,0.0,0.0,0.0
776,0.7765,0.0,0.0,0.0,0.0,0.0,0.0,0.0,0.0,0.0
777,0.7775,0.0,0.0,0.0,0.0,0.0,0.0,0.0,0.0,0.0
778,0.7785,0.0,0.0,0.0,0.0,0.0,0.0,0.0,0.0,0.0
779,0.7795,0.0,0.0,0.0,0.0,0.0,0.0,0.0,0.0,0.0
780,0.7805,0.0,0.0,0.0,0.0,0.0,0.0,0.0,0.0,0.0
781,0.7815,0.0,0.0,0.0,0.0,0.0,0.0,0.0,0.0,0.0
782,0.7825,0.0,0.0,0.0,0.0,0.0,0.0,0.0,0.0,0.0
783,0.7835,0.0,0.0,0.0,0.0,0.0,0.0,0.0,0.0,0.0
784,0.7845,0.0,0.0,0.0,0.0,0.0,0.0,0.0,0.0,0.0
785,0.7855,0.0,0.0,0.0,0.0,0.0,0.0,0.0,0.0,0.0
786,0.7865,0.0,0.0,0.0,0.0,0.0,0.0,0.0,0.0,0.0
787,0.7875,0.0,0.0,0.0,0.0,0.0,0.0,0.0,0.0,0.0
788,0.7885,0.0,0.0,0.0,0.0,0.0,0.0,0.0,0.0,0.0
789,0.7895,0.0,0.0,0.0,0.0,0.0,0.0,0.0,0.0,0.0
790,0.7905,0.0,0.0,0.0,0.0,0.0,0.0,0.0,0.0,0.0
791,0.7915,0.0,0.0,0.0,0.0,0.0,0.0,0.0,0.0,0.0
792,0.7925,0.0,0.0,0.0,0.0,0.0,0.0,0.0,0.0,0.0
793,0.7935,0.0,0.0,0.0,0.0,0.0,0.0,0.0,0.0,0.0
794,0.7945,0.0,0.0,0.0,0.0,0.0,0.0,0.0,0.0,0.0
795,0.7955,0.0,0.0,0.0,0.0,0.0,0.0,0.0,0.0,0.0
796,0.7965,0.0,0.0,0.0,0.0,0.0,0.0,0.0,0.0,0.0
797,0.7975,0.0,0.0,0.0,0.0,0.0,0.0,0.0,0.0,0.0
798,0.7985,0.0,0.0,0.0,0.0,0.0,0.0,0.0,0.0,0.0
799,0.7995,0.0,0.0,0.0,0.0,0.0,0.0,0.0,0.0,0.0
800,0.8005,0.0,0.0,0.0,0.0,0.0,0.0,0.0,0.0,0.0
801,0.8015,0.0,0.0,0.0,0.0,0.0,0.0,0.0,0.0,0.0
802,0.8025,0.0,0.0,0.0,0.0,0.0,0.0,0.0,0.0,0.0
803,0.8035,0.0,0.0,0.0,0.0,0.0,0.0,0.0,0.0,0.0
804,0.8045,0.0,0.0,0.0,0.0,0.0,0.0,0.0,0.0,0.0
805,0.8055,0.0,0.0,0.0,0.0,0.0,0.0,0.0,0.0,0.0
806,0.8065,0.0,0.0,0.0,0.0,0.0,0.0,0.0,0.0,0.0
807,0.8075,0.0,0.0,0.0,0.0,0.0,0.0,0.0,0.0,0.0
808,0.8085,0.0,0.0,0.0,0.0,0.0,0.0,0.0,0.0,0.0
809,0.8095,0.0,0.0,0.0,0.0,0.0,0.0,0.0,0.0,0.0
810,0.8105,0.0,0.0,0.0,0.0,0.0,0.0,0.0,0.0,0.0
811,0.8115,0.0,0.0,0.0,0.0,0.0,0.0,0.0,0.0,0.0
812,0.8125,0.0,0.0,0.0,0.0,0.0,0.0,0.0,0.0,0.0
813,0.8135,0.0,0.0,0.0,0.0,0.0,0.0,0.0,0.0,0.0
814,0.8145,0.0,0.0,0.0,0.0,0.0,0.0,0.0,0.0,0.0
815,0.8155,0.0,0.0,0.0,0.0,0.0,0.0,0.0,0.0,0.0
816,0.8165,0.0,0.0,0.0,0.0,0.0,0.0,0.0,0.0,0.0
817,0.8175,0.0,0.0,0.0,0.0,0.0,0.0,0.0,0.0,0.0
818,0.8185,0.0,0.0,0.0,0.0,0.0,0.0,0.0,0.0,0.0
819,0.8195,0.0,0.0,0.0,0.0,0.0,0.0,0.0,0.0,0.0
820,0.8205,0.0,0.0,0.0,0.0,0.0,0.0,0.0,0.0,0.0
821,0.8215,0.0,0.0,0.0,0.0,0.0,0.0,0.0,0.0,0.0
822,0.8225,0.0,0.0,0.0,0.0,0.0,0.0,0.0,0.0,0.0
823,0.8235,0.0,0.0,0.0,0.0,0.0,0.0,0.0,0.0,0.0
824,0.8245,0.0,0.0,0.0,0.0,0.0,0.0,0.0,0.0,0.0
825,0.8255,0.0,0.0,0.0,0.0,0.0,0.0,0.0,0.0,0.0
826,0.8265,0.0,0.0,0.0,0.0,0.0,0.0,0.0,0.0,0.0
827,0.8275,0.0,0.0,0.0,0.0,0.0,0.0,0.0,0.0,0.0
828,0.8285,0.0,0.0,0.0,0.0,0.0,0.0,0.0,0.0,0.0
829,0.8295,0.0,0.0,0.0,0.0,0.0,0.0,0.0,0.0,0.0
830,0.8305,0.0,0.0,0.0,0.0,0.0,0.0,0.0,0.0,0.0
831,0.8315,0.0,0.0,0.0,0.0,0.0,0.0,0.0,0.0,0.0
832,0.8325,0.0,0.0,0.0,0.0,0.0,0.0,0.0,0.0,0.0
833,0.8335,0.0,0.0,0.0,0.0,0.0,0.0,0.0,0.0,0.0
834,0.8345,0.0,0.0,0.0,0.0,0.0,0.0,0.0,0.0,0.0
835,0.8355,0.0,0.0,0.0,0.0,0.0,0.0,0.0,0.0,0.0
836,0.8365,0.0,0.0,0.0,0.0,0.0,0.0,0.0,0.0,0.0
837,0.8375,0.0,0.0,0.0,0.0,0.0,0.0,0.0,0.0,0.0
838,0.8385,0.0,0.0,0.0,0.0,0.0,0.0,0.0,0.0,0.0
839,0.8395,0.0,0.0,0.0,0.0,0.0,0.0,0.0,0.0,0.0
840,0.8405,0.0,0.0,0.0,0.0,0.0,0.0,0.0,0.0,0.0
841,0.8415,0.0,0.0,0.0,0.0,0.0,0.0,0.0,0.0,0.0
842,0.8425,0.0,0.0,0.0,0.0,0.0,0.0,0.0,0.0,0.0
843,0.8435,0.0,0.0,0.0,0.0,0.0,0.0,0.0,0.0,0.0
844,0.8445,0.0,0.0,0.0,0.0,0.0,0.0,0.0,0.0,0.0
845,0.8455,0.0,0.0,0.0,0.0,0.0,0.0,0.0,0.0,0.0
846,0.8465,0.0,0.0,0.0,0.0,0.0,0.0,0.0,0.0,0.0
847,0.8475,0.0,0.0,0.0,0.0,0.0,0.0,0.0,0.0,0.0
848,0.8485,0.0,0.0,0.0,0.0,0.0,0.0,0.0,0.0,0.0
849,0.8495,0.0,0.0,0.0,0.0,0.0,0.0,0.0,0.0,0.0
850,0.8505,0.0,0.0,0.0,0.0,0.0,0.0,0.0,0.0,0.0
851,0.8515,0.0,0.0,0.0,0.0,0.0,0.0,0.0,0.0,0.0
852,0.8525,0.0,0.0,0.0,0.0,0.0,0.0,0.0,0.0,0.0
853,0.8535,0.0,0.0,0.0,0.0,0.0,0.0,0.0,0.0,0.0
854,0.8545,0.0,0.0,0.0,0.0,0.0,0.0,0.0,0.0,0.0
855,0.8555,0.0,0.0,0.0,0.0,0.0,0.0,0.0,0.0,0.0
856,0.8565,0.0,0.0,0.0,0.0,0.0,0.0,0.0,0.0,0.0
857,0.8575,0.0,0.0,0.0,0.0,0.0,0.0,0.0,0.0,0.0
858,0.8585,0.0,0.0,0.0,0.0,0.0,0.0,0.0,0.0,0.0
859,0.8595,0.0,0.0,0.0,0.0,0.0,0.0,0.0,0.0,0.0
860,0.8605,0.0,0.0,0.0,0.0,0.0,0.0,0.0,0.0,0.0
861,0.8615,0.0,0.0,0.0,0.0,0.0,0.0,0.0,0.0,0.0
862,0.8625,0.0,0.0,0.0,0.0,0.0,0.0,0.0,0.0,0.0
863,0.8635,0.0,0.0,0.0,0.0,0.0,0.0,0.0,0.0,0.0
864,0.8645,0.0,0.0,0.0,0.0,0.0,0.0,0.0,0.0,0.0
865,0.8655,0.0,0.0,0.0,0.0,0.0,0.0,0.0,0.0,0.0
866,0.8665,0.0,0.0,0.0,0.0,0.0,0.0,0.0,0.0,0.0
867,0.8675,0.0,0.0,0.0,0.0,0.0,0.0,0.0,0.0,0.0
868,0.8685,0.0,0.0,0.0,0.0,0.0,0.0,0.0,0.0,0.0
869,0.8695,0.0,0.0,0.0,0.0,0.0,0.0,0.0,0.0,0.0
870,0.8705,0.0,0.0,0.0,0.0,0.0,0.0,0.0,0.0,0.0
871,0.8715,0.0,0.0,0.0,0.0,0.0,0.0,0.0,0.0,0.0
872,0.8725,0.0,0.0,0.0,0.0,0.0,0.0,0.0,0.0,0.0
873,0.8735,0.0,0.0,0.0,0.0,0.0,0.0,0.0,0.0,0.0
874,0.8745,0.0,0.0,0.0,0.0,0.0,0.0,0.0,0.0,0.0
875,0.8755,0.0,0.0,0.0,0.0,0.0,0.0,0.0,0.0,0.0
876,0.8765,0.0,0.0,0.0,0.0,0.0,0.0,0.0,0.0,0.0
877,0.8775,0.0,0.0,0.0,0.0,0.0,0.0,0.0,0.0,0.0
878,0.8785,0.0,0.0,0.0,0.0,0.0,0.0,0.0,0.0,0.0
879,0.8795,0.0,0.0,0.0,0.0,0.0,0.0,0.0,0.0,0.0
880,0.8805,0.0,0.0,0.0,0.0,0.0,0.0,0.0,0.0,0.0
881,0.8815,0.0,0.0,0.0,0.0,0.0,0.0,0.0,0.0,0.0
882,0.8825,0.0,0.0,0.0,0.0,0.0,0.0,0.0,0.0,0.0
883,0.8835,0.0,0.0,0.0,0.0,0.0,0.0,0.0,0.0,0.0
884,0.8845,0.0,0.0,0.0,0.0,0.0,0.0,0.0,0.0,0.0
885,0.8855,0.0,0.0,0.0,0.0,0.0,0.0,0.0,0.0,0.0
886,0.8865,0.0,0.0,0.0,0.0,0.0,0.0,0.0,0.0,0.0
887,0.8875,0.0,0.0,0.0,0.0,0.0,0.0,0.0,0.0,0.0
888,0.8885,0.0,0.0,0.0,0.0,0.0,0.0,0.0,0.0,0.0
889,0.8895,0.0,0.0,0.0,0.0,0.0,0.0,0.0,0.0,0.0
890,0.8905,0.0,0.0,0.0,0.0,0.0,0.0,0.0,0.0,0.0
891,0.8915,0.0,0.0,0.0,0.0,0.0,0.0,0.0,0.0,0.0
892,0.8925,0.0,0.0,0.0,0.0,0.0,0.0,0.0,0.0,0.0
893,0.8935,0.0,0.0,0.0,0.0,0.0,0.0,0.0,0.0,0.0
894,0.8945,0.0,0.0,0.0,0.0,0.0,0.0,0.0,0.0,0.0
895,0.8955,0.0,0.0,0.0,0.0,0.0,0.0,0.0,0.0,0.0
896,0.8965,0.0,0.0,0.0,0.0,0.0,0.0,0.0,0.0,0.0
897,0.8975,0.0,0.0,0.0,0.0,0.0,0.0,0.0,0.0,0.0
898,0.8985,0.0,0.0,0.0,0.0,0.0,0.0,0.0,0.0,0.0
899,0.8995,0.0,0.0,0.0,0.0,0.0,0.0,0.0,0.0,0.0
900,0.9005,0.0,0.0,0.0,0.0,0.0,0.0,0.0,0.0,0.0
901,0.9015,0.0,0.0,0.0,0.0,0.0,0.0,0.0,0.0,0.0
902,0.9025,0.0,0.0,0.0,0.0,0.0,0.0,0.0,0.0,0.0
903,0.9035,0.0,0.0,0.0,0.0,0.0,0.0,0.0,0.0,0.0
904,0.9045,0.0,0.0,0.0,0.0,0.0,0.0,0.0,0.0,0.0
905,0.9055,0.0,0.0,0.0,0.0,0.0,0.0,0.0,0.0,0.0
906,0.9065,0.0,0.0,0.0,0.0,0.0,0.0,0.0,0.0,0.0
907,0.9075,0.0,0.0,0.0,0.0,0.0,0.0,0.0,0.0,0.0
908,0.9085,0.0,0.0,0.0,0.0,0.0,0.0,0.0,0.0,0.0
909,0.9095,0.0,0.0,0.0,0.0,0.0,0.0,0.0,0.0,0.0
910,0.9105,0.0,0.0,0.0,0.0,0.0,0.0,0.0,0.0,0.0
911,0.9115,0.0,0.0,0.0,0.0,0.0,0.0,0.0,0.0,0.0
912,0.9125,0.0,0.0,0.0,0.0,0.0,0.0,0.0,0.0,0.0
913,0.9135,0.0,0.0,0.0,0.0,0.0,0.0,0.0,0.0,0.0
914,0.9145,0.0,0.0,0.0,0.0,0.0,0.0,0.0,0.0,0.0
915,0.9155,0.0,0.0,0.0,0.0,0.0,0.0,0.0,0.0,0.0
916,0.9165,0.0,0.0,0.0,0.0,0.0,0.0,0.0,0.0,0.0
917,0.9175,0.0,0.0,0.0,0.0,0.0,0.0,0.0,0.0,0.0
918,0.9185,0.0,0.0,0.0,0.0,0.0,0.0,0.0,0.0,0.0
919,0.9195,0.0,0.0,0.0,0.0,0.0,0.0,0.0,0.0,0.0
920,0.9205,0.0,0.0,0.0,0.0,0.0,0.0,0.0,0.0,0.0
921,0.9215,0.0,0.0,0.0,0.0,0.0,0.0,0.0,0.0,0.0
922,0.9225,0.0,0.0,0.0,0.0,0.0,0.0,0.0,0.0,0.0
923,0.9235,0.0,0.0,0.0,0.0,0.0,0.0,0.0,0.0,0.0
924,0.9245,0.0,0.0,0.0,0.0,0.0,0.0,0.0,0.0,0.0
925,0.9255,0.0,0.0,0.0,0.0,0.0,0.0,0.0,0.0,0.0
926,0.9265,0.0,0.0,0.0,0.0,0.0,0.0,0.0,0.0,0.0
927,0.9275,0.0,0.0,0.0,0.0,0.0,0.0,0.0,0.0,0.0
928,0.9285,0.0,0.0,0.0,0.0,0.0,0.0,0.0,0.0,0.0
929,0.9295,0.0,0.0,0.0,0.0,0.0,0.0,0.0,0.0,0.0
930,0.9305,0.0,0.0,0.0,0.0,0.0,0.0,0.0,0.0,0.0
931,0.9315,0.0,0.0,0.0,0.0,0.0,0.0,0.0,0.0,0.0
932,0.9325,0.0,0.0,0.0,0.0,0.0,0.0,0.0,0.0,0.0
933,0.9335,0.0,0.0,0.0,0.0,0.0,0.0,0.0,0.0,0.0
934,0.9345,0.0,0.0,0.0,0.0,0.0,0.0,0.0,0.0,0.0
935,0.9355,0.0,0.0,0.0,0.0,0.0,0.0,0.0,0.0,0.0
936,0.9365,0.0,0.0,0.0,0.0,0.0,0.0,0.0,0.0,0.0
937,0.9375,0.0,0.0,0.0,0.0,0.0,0.0,0.0,0.0,0.0
938,0.9385,0.0,0.0,0.0,0.0,0.0,0.0,0.0,0.0,0.0
939,0.9395,0.0,0.0,0.0,0.0,0.0,0.0,0.0,0.0,0.0
940,0.9405,0.0,0.0,0.0,0.0,0.0,0.0,0.0,0.0,0.0
941,0.9415,0.0,0.0,0.0,0.0,0.0,0.0,0.0,0.0,0.0
942,0.9425,0.0,0.0,0.0,0.0,0.0,0.0,0.0,0.0,0.0
943,0.9435,0.0,0.0,0.0,0.0,0.0,0.0,0.0,0.0,0.0
944,0.9445,0.0,0.0,0.0,0.0,0.0,0.0,0.0,0.0,0.0
945,0.9455,0.0,0.0,0.0,0.0,0.0,0.0,0.0,0.0,0.0
946,0.9465,0.0,0.0,0.0,0.0,0.0,0.0,0.0,0.0,0.0
947,0.9475,0.0,0.0,0.0,0.0,0.0,0.0,0.0,0.0,0.0
948,0.9485,0.0,0.0,0.0,0.0,0.0,0.0,0.0,0.0,0.0
949,0.9495,0.0,0.0,0.0,0.0,0.0,0.0,0.0,0.0,0.0
950,0.9505,0.0,0.0,0.0,0.0,0.0,0.0,0.0,0.0,0.0
951,0.9515,0.0,0.0,0.0,0.0,0.0,0.0,0.0,0.0,0.0
952,0.9525,0.0,0.0,0.0,0.0,0.0,0.0,0.0,0.0,0.0
953,0.9535,0.0,0.0,0.0,0.0,0.0,0.0,0.0,0.0,0.0
954,0.9545,0.0,0.0,0.0,0.0,0.0,0.0,0.0,0.0,0.0
955,0.9555,0.0,0.0,0.0,0.0,0.0,0.0,0.0,0.0,0.0
956,0.9565,0.0,0.0,0.0,0.0,0.0,0.0,0.0,0.0,0.0
957,0.9575,0.0,0.0,0.0,0.0,0.0,0.0,0.0,0.0,0.0
958,0.9585,0.0,0.0,0.0,0.0,0.0,0.0,0.0,0.0,0.0
959,0.9595,0.0,0.0,0.0,0.0,0.0,0.0,0.0,0.0,0.0
960,0.9605,0.0,0.0,0.0,0.0,0.0,0.0,0.0,0.0,0.0
961,0.9615,0.0,0.0,0.0,0.0,0.0,0.0,0.0,0.0,0.0
962,0.9625,0.0,0.0,0.0,0.0,0.0,0.0,0.0,0.0,0.0
963,0.9635,0.0,0.0,0.0,0.0,0.0,0.0,0.0,0.0,0.0
964,0.9645,0.0,0.0,0.0,0.0,0.0,0.0,0.0,0.0,0.0
965,0.9655,0.0,0.0,0.0,0.0,0.0,0.0,0.0,0.0,0.0
966,0.9665,0.0,0.0,0.0,0.0,0.0,0.0,0.0,0.0,0.0
967,0.9675,0.0,0.0,0.0,0.0,0.0,0.0,0.0,0.0,0.0
968,0.9685,0.0,0.0,0.0,0.0,0.0,0.0,0.0,0.0,0.0
969,0.9695,0.0,0.0,0.0,0.0,0.0,0.0,0.0,0.0,0.0
970,0.9705,0.0,0.0,0.0,0.0,0.0,0.0,0.0,0.0,0.0
971,0.9715,0.0,0.0,0.0,0.0,0.0,0.0,0.0,0.0,0.0
972,0.9725,0.0,0.0,0.0,0.0,0.0,0.0,0.0,0.0,0.0
973,0.9735,0.0,0.0,0.0,0.0,0.0,0.0,0.0,0.0,0.0
974,0.9745,0.0,0.0,0.0,0.0,0.0,0.0,0.0,0.0,0.0
975,0.9755,0.0,0.0,0.0,0.0,0.0,0.0,0.0,0.0,0.0
976,0.9765,0.0,0.0,0.0,0.0,0.0,0.0,0.0,0.0,0.0
977,0.9775,0.0,0.0,0.0,0.0,0.0,0.0,0.0,0.0,0.0
978,0.9785,0.0,0.0,0.0,0.0,0.0,0.0,0.0,0.0,0.0
979,0.9795,0.0,0.0,0.0,0.0,0.0,0.0,0.0,0.0,0.0
980,0.9805,0.0,0.0,0.0,0.0,0.0,0.0,0.0,0.0,0.0
981,0.9815,0.0,0.0,0.0,0.0,0.0,0.0,0.0,0.0,0.0
982,0.9825,0.0,0.0,0.0,0.0,0.0,0.0,0.0,0.0,0.0
983,0.9835,0.0,0.0,0.0,0.0,0.0,0.0,0.0,0.0,0.0
984,0.9845,0.0,0.0,0.0,0.0,0.0,0.0,0.0,0.0,0.0
985,0.9855,0.0,0.0,0.0,0.0,0.0,0.0,0.0,0.0,0.0
986,0.9865,0.0,0.0,0.0,0.0,0.0,0.0,0.0,0.0,0.0
987,0.9875,0.0,0.0,0.0,0.0,0.0,0.0,0.0,0.0,0.0
988,0.9885,0.0,0.0,0.0,0.0,0.0,0.0,0.0,0.0,0.0
989,0.9895,0.0,0.0,0.0,0.0,0.0,0.0,0.0,0.0,0.0
990,0.9905,0.0,0.0,0.0,0.0,0.0,0.0,0.0,0.0,0.0
991,0.9915,0.0,0.0,0.0,0.0,0.0,0.0,0.0,0.0,0.0
992,0.9925,0.0,0.0,0.0,0.0,0.0,0.0,0.0,0.0,0.0
993,0.9935,0.0,0.0,0.0,0.0,0.0,0.0,0.0,0.0,0.0
994,0.9945,0.0,0.0,0.0,0.0,0.0,0.0,0.0,0.0,0.0
995,0.9955,0.0,0.0,0.0,0.0,0.0,0.0,0.0,0.0,0.0
996,0.9965,0.0,0.0,0.0,0.0,0.0,0.0,0.0,0.0,0.0
997,0.9975,0.0,0.0,0.0,0.0,0.0,0.0,0.0,0.0,0.0
998,0.9985,0.0,0.0,0.0,0.0,0.0,0.0,0.0,0.0,0.0
999,0.9995,0.0,0.0,0.0,0.0,0.0,0.0,0.0,0.0,0.0
